Row_ID,Store_ID,Year,Quarter,Total_Revenue,COGS
5484,724,2023,Q1,25909.228190305348,15723
5485,724,2023,Q1,26322.933087812875,18065
5486,724,2023,Q1,31422.371155639707,12064
5496,725,2023,Q1,17433.547556734684,20319
5497,725,2023,Q1,12164.72007837913,15673
5498,725,2023,Q1,49866.768669300036,40861
5508,726,2023,Q1,41933.51484767036,16465
5509,726,2023,Q1,21523.99175762535,19719
5510,726,2023,Q1,23879.707435962067,32312
5520,727,2023,Q1,26500.701285874125,19919
5521,727,2023,Q1,18948.95543040773,12754
5522,727,2023,Q1,47602.11864154652,42908
5532,728,2023,Q1,11401.06950251973,10112
5533,728,2023,Q1,21046.263365470106,25193
5534,728,2023,Q1,34499.57687218672,16959
5544,729,2023,Q1,43324.81754521679,17672
5545,729,2023,Q1,46626.670502077264,23692
5546,729,2023,Q1,34368.06993751596,32683
5556,730,2023,Q1,16981.46635103627,26532
5557,730,2023,Q1,19068.10126779641,14720
5558,730,2023,Q1,11868.803509741088,19298
5568,731,2023,Q1,33134.314627649466,31145
5569,731,2023,Q1,24335.900264156044,20985
5570,731,2023,Q1,27711.043116138724,32681
5580,732,2023,Q1,25681.182634587793,25103
5581,732,2023,Q1,37971.974188814434,35012
5582,732,2023,Q1,31050.429355460656,25425
5592,733,2023,Q1,20658.73557159825,12160
5593,733,2023,Q1,40337.69150410763,15183
5594,733,2023,Q1,42998.04061057825,14240
5604,734,2023,Q1,10868.457517749213,19758
5605,734,2023,Q1,25114.320032515105,20913
5606,734,2023,Q1,22891.055266249914,29996
5616,735,2023,Q1,33281.28811200044,13839
5617,735,2023,Q1,10536.219710456582,13710
5618,735,2023,Q1,12209.012377525998,20132
5628,736,2023,Q1,29553.321916571396,18263
5629,736,2023,Q1,15018.685824596041,11543
5630,736,2023,Q1,33602.153740783266,20523
5640,737,2023,Q1,33145.653818626844,30129
5641,737,2023,Q1,20120.563976969403,17056
5642,737,2023,Q1,37476.90304145239,28738
5652,738,2023,Q1,30477.70181197312,28782
5653,738,2023,Q1,22156.28196853822,20161
5654,738,2023,Q1,15481.459537810855,23950
5664,739,2023,Q1,44747.93781464086,23659
3,3,2023,Q2,49153.924923397164,30111
4,3,2023,Q2,21112.408126695827,15527
5,3,2023,Q2,21940.80376431266,25481
15,5,2023,Q2,24881.889857035407,16105
16,5,2023,Q2,37276.76754763104,15326
17,5,2023,Q2,20276.00580041521,21277
27,6,2023,Q2,15750.450874683896,21575
28,6,2023,Q2,13453.666386726076,22217
29,6,2023,Q2,30683.830002049515,19047
39,7,2023,Q2,15327.322030183775,15093
40,7,2023,Q2,23663.684058727256,19598
41,7,2023,Q2,12431.794619016011,17256
51,8,2023,Q2,44418.46174030677,20155
52,8,2023,Q2,40761.235165233295,36132
53,8,2023,Q2,27211.827151445217,23936
63,9,2023,Q2,10828.538389746138,11551
64,9,2023,Q2,14349.632838034846,24170
65,9,2023,Q2,23209.537483227035,30499
75,11,2023,Q2,40264.020301439115,45483
76,11,2023,Q2,41910.11998746544,38297
77,11,2023,Q2,18126.99474920005,18086
87,13,2023,Q2,34291.21948356921,21368
88,13,2023,Q2,16602.335413964243,17488
89,13,2023,Q2,34002.99793465166,10137
99,14,2023,Q2,13702.79551395804,10197
100,14,2023,Q2,13843.505748403233,21822
101,14,2023,Q2,36929.87802585151,40306
111,15,2023,Q2,10037.164285992847,14643
112,15,2023,Q2,30061.068863525936,12088
113,15,2023,Q2,18993.95811188095,15180
123,16,2023,Q2,21896.337558750878,24060
124,16,2023,Q2,13628.200423576232,16308
125,16,2023,Q2,10793.16392824348,14838
135,17,2023,Q2,29926.620638806125,38743
136,17,2023,Q2,25614.19668799732,10341
137,17,2023,Q2,46938.30989886067,55001
147,18,2023,Q2,20817.862908390714,23078
148,18,2023,Q2,14288.467657199613,22673
149,18,2023,Q2,38915.15251,46107
159,19,2023,Q2,42314.70941435694,17263
160,19,2023,Q2,15158.987489769897,18860
161,19,2023,Q2,40132.93324591425,12909
171,20,2023,Q2,43517.930335442994,26246
172,20,2023,Q2,45236.73037600162,46565
173,20,2023,Q2,42952.35414543804,45476
183,21,2023,Q2,34123.03071962588,43658
184,21,2023,Q2,36674.38648594354,13846
185,21,2023,Q2,39172.34669,21639
195,22,2023,Q2,32292.71973376354,17334
196,22,2023,Q2,24105.446826003114,12698
197,22,2023,Q2,39251.88309198689,36906
207,23,2023,Q2,10709.741045869992,19030
208,23,2023,Q2,31751.891881278985,34802
209,23,2023,Q2,10815.059263571777,10172
219,24,2023,Q2,12562.411297160199,13641
220,24,2023,Q2,15620.723126670919,18627
221,24,2023,Q2,46574.72387465749,16549
231,25,2023,Q2,17128.170205747883,22214
232,25,2023,Q2,38216.04283572131,26491
233,25,2023,Q2,10956.355372343238,17117
243,26,2023,Q2,36244.33537038056,18912
244,26,2023,Q2,10524.446366023534,12308
245,26,2023,Q2,11264.98178,11560
255,27,2023,Q2,39885.74099145856,23411
256,27,2023,Q2,21694.95233043339,17710
257,27,2023,Q2,12613.332206096484,21781
267,28,2023,Q2,17804.78312444444,18536
268,28,2023,Q2,41019.48206258171,22306
269,28,2023,Q2,27062.708198280296,25580
279,29,2023,Q2,23810.602866997848,16749
280,29,2023,Q2,49921.37949977403,24888
281,29,2023,Q2,36172.892841769135,22790
291,30,2023,Q2,23895.624258738484,25403
292,30,2023,Q2,41533.56354472006,20975
293,30,2023,Q2,37643.885388951225,32860
303,31,2023,Q2,49396.23379293006,43517
304,31,2023,Q2,24593.904678834122,11259
305,31,2023,Q2,48104.569896239125,12413
315,32,2023,Q2,16661.356965072795,13001
316,32,2023,Q2,45988.65452720509,40387
317,32,2023,Q2,31857.449823265248,14630
327,33,2023,Q2,10506.256628534416,19465
328,33,2023,Q2,15739.180723683188,20387
329,33,2023,Q2,13952.241438277979,19953
339,34,2023,Q2,39315.61755049012,32409
340,34,2023,Q2,38737.52138148652,32349
341,34,2023,Q2,11004.653014600513,19573
351,35,2023,Q2,10103.392987862399,15553
352,35,2023,Q2,11059.204567925157,18183
353,35,2023,Q2,15776.271320572938,25489
363,36,2023,Q2,18678.340456331956,27155
364,36,2023,Q2,27051.22813991176,24202
365,36,2023,Q2,47782.42846844314,37612
375,37,2023,Q2,18016.232768507965,23710
376,37,2023,Q2,32877.749728750794,15811
377,37,2023,Q2,37978.300492239214,43518
387,38,2023,Q2,29745.732321761046,33007
388,38,2023,Q2,31104.872727748512,13893
389,38,2023,Q2,28167.213798081524,15802
399,39,2023,Q2,11667.864295155126,13936
400,39,2023,Q2,32735.441965278205,31657
401,39,2023,Q2,17281.386497824737,26975
411,40,2023,Q2,13823.615526314095,19390
412,40,2023,Q2,33612.89429,26855
413,40,2023,Q2,16114.818928637385,24144
423,41,2023,Q2,19878.77730701267,25466
424,41,2023,Q2,46666.25478,46388
425,41,2023,Q2,14909.680869580294,17916
435,42,2023,Q2,39659.34943563289,42826
436,42,2023,Q2,31102.072712238092,38153
437,42,2023,Q2,47640.25096998015,53139
447,43,2023,Q2,41575.013194105064,10465
448,43,2023,Q2,10322.694954351768,14643
449,43,2023,Q2,29851.004456095183,10040
459,44,2023,Q2,36146.517526260104,31503
460,44,2023,Q2,28824.445753693653,29252
461,44,2023,Q2,16447.824441586192,10842
471,45,2023,Q2,30347.287032884804,23077
472,45,2023,Q2,41663.41947927472,37147
473,45,2023,Q2,38397.821449801515,19042
483,46,2023,Q2,27031.184653362343,21918
484,46,2023,Q2,15707.77878452438,19520
485,46,2023,Q2,16842.83329,14103
495,47,2023,Q2,47105.85415328486,40886
496,47,2023,Q2,26683.27913996276,31397
497,47,2023,Q2,12264.305157615127,13235
507,48,2023,Q2,26219.433717625783,24369
508,48,2023,Q2,11813.24771306126,21654
509,48,2023,Q2,35962.82995714114,14374
519,49,2023,Q2,35311.67816704925,42408
520,49,2023,Q2,29119.08339912093,27839
521,49,2023,Q2,16536.47375643789,22826
531,50,2023,Q2,46123.78578625595,49545
532,50,2023,Q2,36854.87338796839,35060
533,50,2023,Q2,48426.65717,31012
543,51,2023,Q2,30319.073294053673,27283
544,51,2023,Q2,45611.86725976428,40353
545,51,2023,Q2,34767.73006006738,20212
555,52,2023,Q2,47666.45525537232,52763
556,52,2023,Q2,37070.92260634589,23202
557,52,2023,Q2,39944.03993737905,10378
567,53,2023,Q2,17385.827007765878,25024
568,53,2023,Q2,27779.972265202032,25886
569,53,2023,Q2,11696.435345242784,11414
579,54,2023,Q2,26078.18456683911,20866
580,54,2023,Q2,18758.57280899321,13688
581,54,2023,Q2,38040.96346840197,22309
591,55,2023,Q2,22096.51989997417,29077
592,55,2023,Q2,15936.846979571936,18561
593,55,2023,Q2,20586.67551651283,13956
603,56,2023,Q2,29633.773924213765,22681
604,56,2023,Q2,38989.97025952976,12632
605,56,2023,Q2,38451.17793152655,33577
615,57,2023,Q2,18707.958382098266,16604
616,57,2023,Q2,39641.761930858054,39041
617,57,2023,Q2,19899.389865702877,29514
627,58,2023,Q2,48067.24016689266,40014
628,58,2023,Q2,17459.22069243643,20057
629,58,2023,Q2,43406.00590146636,51049
639,59,2023,Q2,22375.149969415637,18336
640,59,2023,Q2,45685.68005438876,15409
641,59,2023,Q2,43608.686062320514,16289
651,60,2023,Q2,24514.820145972495,24725
652,60,2023,Q2,37987.60660690284,11163
653,60,2023,Q2,33882.95343748248,16496
663,61,2023,Q2,17355.132588746994,23359
664,61,2023,Q2,23249.613192465502,21942
665,61,2023,Q2,10660.987651249854,14642
675,62,2023,Q2,48468.64629028548,23247
676,62,2023,Q2,37264.37506904323,13003
677,62,2023,Q2,37022.50771641692,25221
687,63,2023,Q2,33012.56406,20309
688,63,2023,Q2,36643.72671259001,35263
689,63,2023,Q2,48520.39378962524,57122
699,64,2023,Q2,35908.433209874056,25367
700,64,2023,Q2,39843.73421,11999
701,64,2023,Q2,19366.25929457449,25653
711,65,2023,Q2,42513.57274513031,39907
712,65,2023,Q2,20799.512749749774,27208
713,65,2023,Q2,28508.89034562605,35315
723,66,2023,Q2,47732.15905644124,29652
724,66,2023,Q2,28629.99283606312,16907
725,66,2023,Q2,23501.88910627657,30660
735,67,2023,Q2,35377.90303653032,25488
736,67,2023,Q2,49637.535637615285,45079
737,67,2023,Q2,37400.362882208916,31391
747,68,2023,Q2,28762.002871443747,29324
748,68,2023,Q2,40862.91853224854,49940
749,68,2023,Q2,42670.82854676885,20965
759,69,2023,Q2,41605.72255551153,30774
760,69,2023,Q2,36204.707099537554,45189
761,69,2023,Q2,44084.159283706875,18420
771,70,2023,Q2,10142.827617621917,13541
772,70,2023,Q2,33865.732242144106,15703
773,70,2023,Q2,35498.56618087737,38692
783,71,2023,Q2,49797.65067701996,16400
784,71,2023,Q2,15835.308638524106,13608
785,71,2023,Q2,24568.330783653633,24323
795,72,2023,Q2,38199.00121402051,14600
796,72,2023,Q2,19838.546314249164,17206
797,72,2023,Q2,28988.64824120958,24774
807,73,2023,Q2,10784.514702456298,14592
808,73,2023,Q2,11159.249760313798,17340
809,73,2023,Q2,28475.533026511333,19704
819,74,2023,Q2,39638.42003161398,19713
820,74,2023,Q2,42850.365995949614,51928
821,74,2023,Q2,41763.512870059865,30323
831,75,2023,Q2,14652.160144173286,19938
832,75,2023,Q2,37939.85321684295,18499
833,75,2023,Q2,11000.19607964393,12323
843,76,2023,Q2,32060.04145334115,17207
844,76,2023,Q2,35051.61097814661,15330
845,76,2023,Q2,44036.24463063789,43801
855,77,2023,Q2,40635.42804106239,30755
856,77,2023,Q2,11280.050460021997,10700
857,77,2023,Q2,30389.332309710455,12017
867,78,2023,Q2,32581.60188736322,31559
868,78,2023,Q2,10174.490931576154,12323
869,78,2023,Q2,17850.047674506794,13759
879,79,2023,Q2,30679.768880373093,18530
880,79,2023,Q2,33463.987073721735,34926
881,79,2023,Q2,48360.363628082414,40573
891,80,2023,Q2,16806.721223329074,17365
892,80,2023,Q2,32761.97059294923,41957
893,80,2023,Q2,14475.596654536776,17562
903,81,2023,Q2,15479.00192913124,12427
904,81,2023,Q2,41820.12717,28151
905,81,2023,Q2,18297.49835544225,20633
915,82,2023,Q2,18753.691725252713,11713
916,82,2023,Q2,47483.63516869358,37116
917,82,2023,Q2,17997.46810453065,16230
927,83,2023,Q2,31791.71913324755,41510
928,83,2023,Q2,21542.98591733657,19197
929,83,2023,Q2,26491.23702,22000
939,84,2023,Q2,20419.673053654536,24550
940,84,2023,Q2,33567.824252198734,14455
941,84,2023,Q2,31641.757529910337,19062
951,85,2023,Q2,32760.784239393848,19768
952,85,2023,Q2,19058.782091180234,25171
953,85,2023,Q2,37614.16773221761,24978
963,86,2023,Q2,20008.938057446427,21532
964,86,2023,Q2,49853.701667793306,33829
965,86,2023,Q2,46421.92160493147,36033
975,87,2023,Q2,47166.15548659711,17680
976,87,2023,Q2,44234.36568976475,14762
977,87,2023,Q2,45355.869066119456,48166
987,88,2023,Q2,31406.195240927187,17884
988,88,2023,Q2,15042.072416941945,17948
989,88,2023,Q2,46336.70542880559,51311
999,89,2023,Q2,47528.034552172336,23901
1000,89,2023,Q2,12237.26802,10621
1001,89,2023,Q2,23168.099494242975,10132
1011,90,2023,Q2,22670.96926798673,24732
1012,90,2023,Q2,25305.23322884311,34115
1013,90,2023,Q2,20277.123465420962,14630
1023,92,2023,Q2,34446.55330958429,39763
1024,92,2023,Q2,39799.54395210331,28868
1025,92,2023,Q2,43074.79961,27769
1035,93,2023,Q2,19275.109494547738,16637
1036,93,2023,Q2,14954.645556437725,22575
1037,93,2023,Q2,45708.63846,17801
1047,94,2023,Q2,19489.95970524063,23357
1048,94,2023,Q2,43686.998230492834,50141
1049,94,2023,Q2,48003.27755515136,36886
1059,95,2023,Q2,46954.51693111571,56184
1060,95,2023,Q2,22651.58874024891,15442
1061,95,2023,Q2,37362.535496875076,10468
1071,96,2023,Q2,19828.406164640444,21428
1072,96,2023,Q2,15460.440566868083,20545
1073,96,2023,Q2,15020.161063252617,17944
1083,97,2023,Q2,35038.734459224346,12751
1084,97,2023,Q2,18867.078540260027,20644
1085,97,2023,Q2,31980.450743433692,12667
1095,98,2023,Q2,33870.716910379844,31726
1096,98,2023,Q2,33343.81264035126,10705
1097,98,2023,Q2,33324.62649996849,25240
1107,99,2023,Q2,23670.007391623476,29821
1108,99,2023,Q2,17289.054607305836,26463
1109,99,2023,Q2,25321.899667387705,14596
1119,100,2023,Q2,47234.98429277789,55138
1120,100,2023,Q2,28848.109694469123,30640
1121,100,2023,Q2,22559.059134399453,14961
1131,101,2023,Q2,32070.88665872817,37797
1132,101,2023,Q2,43365.36241,50468
1133,101,2023,Q2,18175.71206141084,13241
1143,102,2023,Q2,16854.370287496728,12943
1144,102,2023,Q2,34710.03011,23617
1145,102,2023,Q2,15360.018656872811,20433
1155,103,2023,Q2,17322.60579399446,12711
1156,103,2023,Q2,39061.32119347228,26107
1157,103,2023,Q2,13458.060681964658,10308
1167,104,2023,Q2,29446.950287297575,33514
1168,104,2023,Q2,16956.01716160265,14456
1169,104,2023,Q2,30676.968728399654,11970
1179,105,2023,Q2,33985.276650391745,10959
1180,105,2023,Q2,24074.678280077846,33653
1181,105,2023,Q2,46256.875890060204,17348
1191,106,2023,Q2,44498.67829756351,11480
1192,106,2023,Q2,46792.44402444726,18786
1193,106,2023,Q2,15464.48987603297,20109
1203,107,2023,Q2,38587.55312772434,18800
1204,107,2023,Q2,24066.567550344153,32693
1205,107,2023,Q2,22908.572736571063,14018
1215,108,2023,Q2,21936.958086763625,12738
1216,108,2023,Q2,21726.15264,31370
1217,108,2023,Q2,24160.03526909925,19074
1227,109,2023,Q2,35426.284207714874,25375
1228,109,2023,Q2,27213.13948310599,31159
1229,109,2023,Q2,34010.15843072669,14436
1239,110,2023,Q2,38444.803394939976,12226
1240,110,2023,Q2,47907.64791410091,52950
1241,110,2023,Q2,13245.034284064142,11107
1251,111,2023,Q2,35621.256761871075,30789
1252,111,2023,Q2,42761.541020699486,48344
1253,111,2023,Q2,32550.598667831156,32954
1263,112,2023,Q2,48174.31425160725,38375
1264,112,2023,Q2,23801.71609769842,27035
1265,112,2023,Q2,24177.93726676457,25061
1275,113,2023,Q2,27645.033605945715,31205
1276,113,2023,Q2,38606.50420303784,29946
1277,113,2023,Q2,22110.26671843774,23403
1287,114,2023,Q2,45311.43066521425,24227
1288,114,2023,Q2,42127.51531680527,17893
1289,114,2023,Q2,31258.152539591592,34514
1299,115,2023,Q2,16557.375208642537,15147
1300,115,2023,Q2,40794.24145332267,50355
1301,115,2023,Q2,24056.010952206943,29545
1311,116,2023,Q2,21168.823465119815,19687
1312,116,2023,Q2,13516.272412902319,15665
1313,116,2023,Q2,46526.96061653186,39539
1323,117,2023,Q2,33874.32030063862,21561
1324,117,2023,Q2,19110.32869364326,14594
1325,117,2023,Q2,43652.48232626026,11677
1335,118,2023,Q2,10225.254588837714,18700
1336,118,2023,Q2,13120.91347113042,12116
1337,118,2023,Q2,11829.314062682803,12871
1347,119,2023,Q2,43133.30742235444,22178
1348,119,2023,Q2,45590.49749705911,38522
1349,119,2023,Q2,44440.01435564239,43133
1359,120,2023,Q2,49357.60965372326,40594
1360,120,2023,Q2,23692.612227025813,23339
1361,120,2023,Q2,14999.453623038695,10896
1371,121,2023,Q2,19356.47846457623,12074
1372,121,2023,Q2,38458.476148809874,30320
1373,121,2023,Q2,12008.355923945366,10950
1383,122,2023,Q2,30447.326915920028,36551
1384,122,2023,Q2,49861.48928695586,22430
1385,122,2023,Q2,44121.518845665734,49276
1395,123,2023,Q2,36767.56984,42814
1396,123,2023,Q2,41639.88956614903,39605
1397,123,2023,Q2,15611.39990185315,24295
1407,124,2023,Q2,30029.58462941297,18912
1408,124,2023,Q2,28272.13769563761,22849
1409,124,2023,Q2,44675.671529169995,46577
1419,125,2023,Q2,23116.331279090628,13593
1420,125,2023,Q2,47919.69966847337,43831
1421,125,2023,Q2,20236.018700542212,27377
1431,126,2023,Q2,24404.262027531957,20704
1432,126,2023,Q2,36672.89229206928,30878
1433,126,2023,Q2,25170.29323569277,20759
1443,127,2023,Q2,32726.748252821468,28691
1444,127,2023,Q2,10043.85731619215,13244
1445,127,2023,Q2,16562.661634508204,13826
1455,128,2023,Q2,30451.231646350327,21455
1456,128,2023,Q2,18370.03723696042,25024
1457,128,2023,Q2,24592.969659455313,10510
1467,129,2023,Q2,26793.048806311574,36194
1468,129,2023,Q2,13346.567115974422,14323
1469,129,2023,Q2,43298.14673,11597
1479,130,2023,Q2,11829.354633870013,16770
1480,130,2023,Q2,30283.977582505835,15644
1481,130,2023,Q2,47346.121258565174,52811
1491,131,2023,Q2,33838.04179029374,37498
1492,131,2023,Q2,45212.20971848583,44088
1493,131,2023,Q2,21826.26186275889,13477
1503,132,2023,Q2,44710.65226956337,23673
1504,132,2023,Q2,36559.69094026049,45568
1505,132,2023,Q2,45820.71763131799,12521
1515,133,2023,Q2,15572.99152228978,17934
1516,133,2023,Q2,27748.785162202228,36688
1517,133,2023,Q2,35879.61464910202,31562
1527,134,2023,Q2,29616.165386840887,14994
1528,134,2023,Q2,31065.570836196806,18870
1529,134,2023,Q2,41587.04371512559,24891
1539,135,2023,Q2,37829.23687913655,29097
1540,135,2023,Q2,25514.495431741863,10752
1541,135,2023,Q2,29683.28034569432,18827
1551,136,2023,Q2,39069.018316578484,21564
1552,136,2023,Q2,36047.34464590333,11129
1553,136,2023,Q2,22796.10958054659,12558
1563,137,2023,Q2,14377.899157241707,22679
1564,137,2023,Q2,32624.355025896068,11703
1565,137,2023,Q2,29699.946234326533,36792
1575,138,2023,Q2,26727.52877,24463
1576,138,2023,Q2,42915.70627947291,39257
1577,138,2023,Q2,17936.178371893933,21997
1587,139,2023,Q2,47157.049787445285,17202
1588,139,2023,Q2,39030.36848411593,41209
1589,139,2023,Q2,34167.77061,35388
1599,140,2023,Q2,14606.65531590347,17855
1600,140,2023,Q2,31703.350440086306,13945
1601,140,2023,Q2,39385.226210346475,21991
1611,141,2023,Q2,47533.506171997054,14105
1612,141,2023,Q2,45411.829857844816,25667
1613,141,2023,Q2,49170.89290270504,33200
1623,142,2023,Q2,17500.519275274437,22769
1624,142,2023,Q2,13343.542450863639,22901
1625,142,2023,Q2,23359.641841139564,11480
1635,143,2023,Q2,38486.260443843115,32134
1636,143,2023,Q2,43141.84471341868,33070
1637,143,2023,Q2,39419.554120428205,24889
1647,144,2023,Q2,16780.476611962604,12496
1648,144,2023,Q2,29482.636240251795,34625
1649,144,2023,Q2,21218.22359152753,27081
1659,145,2023,Q2,29914.313831786912,21134
1660,145,2023,Q2,17417.782914169948,10887
1661,145,2023,Q2,35583.049813555976,44649
1671,146,2023,Q2,35104.58458344174,40859
1672,146,2023,Q2,38285.42163670344,29112
1673,146,2023,Q2,27654.768049525963,17870
1683,147,2023,Q2,38065.22916130459,34342
1684,147,2023,Q2,21498.553261560355,10033
1685,147,2023,Q2,20840.86336098085,25611
1695,148,2023,Q2,41245.39382099199,31932
1696,148,2023,Q2,34680.31940281485,33643
1697,148,2023,Q2,29082.079062102555,38156
1707,149,2023,Q2,41399.67550598267,15638
1708,149,2023,Q2,17052.40626434541,15816
1709,149,2023,Q2,42267.71068479655,49640
1719,150,2023,Q2,49964.33123948785,18056
1720,150,2023,Q2,48979.822752118765,39300
1721,150,2023,Q2,14749.361500682428,14127
1731,151,2023,Q2,39964.73666499149,48068
1732,151,2023,Q2,44558.85236081103,24926
1733,151,2023,Q2,17701.97590048649,11646
1743,152,2023,Q2,47236.35004940443,26592
1744,152,2023,Q2,15984.14250351044,18118
1745,152,2023,Q2,33780.28862,35295
1755,153,2023,Q2,16884.211306681496,11268
1756,153,2023,Q2,36074.51619815317,41435
1757,153,2023,Q2,39545.89472460028,44363
1767,154,2023,Q2,18206.990571474787,25434
1768,154,2023,Q2,13548.256771972818,14359
1769,154,2023,Q2,46652.09253,28943
1779,155,2023,Q2,21771.598690443585,26393
1780,155,2023,Q2,49725.59346292191,11833
1781,155,2023,Q2,24948.176781405706,20435
1791,156,2023,Q2,35930.20154134943,17009
1792,156,2023,Q2,48226.329865386026,16944
1793,156,2023,Q2,21441.768799323345,19994
1803,157,2023,Q2,19550.540283458336,28597
1804,157,2023,Q2,37306.70767205497,34760
1805,157,2023,Q2,10879.405161934823,10367
1815,158,2023,Q2,37918.05122096896,19739
1816,158,2023,Q2,23151.437268562877,24609
1817,158,2023,Q2,26510.50210366627,19225
1827,159,2023,Q2,49902.57496,49080
1828,159,2023,Q2,12198.890831152145,11324
1829,159,2023,Q2,26754.966493156215,34943
1839,160,2023,Q2,17439.30037169073,14515
1840,160,2023,Q2,17899.67222827796,24997
1841,160,2023,Q2,43621.279717088386,34644
1851,162,2023,Q2,26837.953332966707,21077
1852,162,2023,Q2,34509.01999139944,23636
1853,162,2023,Q2,46973.185373415756,52138
1863,163,2023,Q2,15650.042381968196,23741
1864,163,2023,Q2,14226.47723321933,14937
1865,163,2023,Q2,28858.047020544953,11879
1875,164,2023,Q2,22898.663823923234,32611
1876,164,2023,Q2,23383.402823053213,21102
1877,164,2023,Q2,39782.71256818129,23930
1887,165,2023,Q2,11364.84050479687,11569
1888,165,2023,Q2,48117.53698297385,26215
1889,165,2023,Q2,49403.480789758614,43157
1899,166,2023,Q2,47311.36664854199,31877
1900,166,2023,Q2,44398.45700880639,34235
1901,166,2023,Q2,26856.48221953252,13917
1911,167,2023,Q2,10751.540035744069,20292
1912,167,2023,Q2,32025.18698,32250
1913,167,2023,Q2,46562.817522863355,29552
1923,170,2023,Q2,22624.676358545992,13163
1924,170,2023,Q2,13473.274805245388,19699
1925,170,2023,Q2,21975.896360203642,29218
1935,171,2023,Q2,13829.344756325747,14834
1936,171,2023,Q2,25216.36478461344,26939
1937,171,2023,Q2,48784.79085703196,46005
1947,172,2023,Q2,19358.93698382035,10245
1948,172,2023,Q2,10190.167502950826,15620
1949,172,2023,Q2,35544.14746460178,44382
1959,173,2023,Q2,46296.19844983121,40696
1960,173,2023,Q2,47743.86142424006,52173
1961,173,2023,Q2,43113.07686643392,51588
1971,174,2023,Q2,25559.940633760052,28310
1972,174,2023,Q2,32237.21642960213,17752
1973,174,2023,Q2,36632.805423800215,33985
1983,175,2023,Q2,41925.85661797662,23170
1984,175,2023,Q2,32203.811359424908,40672
1985,175,2023,Q2,15435.903734761632,10685
1995,176,2023,Q2,34639.139866747384,32888
1996,176,2023,Q2,19892.873554732814,15163
1997,176,2023,Q2,48901.738636510556,55853
2007,177,2023,Q2,24085.408314809978,30455
2008,177,2023,Q2,11126.681688003868,17208
2009,177,2023,Q2,32499.69162429955,33827
2019,178,2023,Q2,18011.696790675487,14746
2020,178,2023,Q2,19476.072298033687,13648
2021,178,2023,Q2,25681.616475800955,26558
2031,179,2023,Q2,24602.931513626027,18456
2032,179,2023,Q2,44541.93986334016,47499
2033,179,2023,Q2,20060.164532247196,16375
2043,180,2023,Q2,22000.524581708458,14426
2044,180,2023,Q2,22017.015375642928,23498
2045,180,2023,Q2,32155.73126403278,41990
2055,181,2023,Q2,21391.316346542866,31384
2056,181,2023,Q2,22634.346693496012,24222
2057,181,2023,Q2,27700.77134872641,20674
2067,182,2023,Q2,34916.43376,24048
2068,182,2023,Q2,46959.23870534016,12989
2069,182,2023,Q2,34175.407209521705,20184
2079,183,2023,Q2,36878.84311631945,34384
2080,183,2023,Q2,48123.021124867926,54314
2081,183,2023,Q2,39713.72037100261,19365
2091,184,2023,Q2,40815.90993127221,26218
2092,184,2023,Q2,45747.41803593438,13280
2093,184,2023,Q2,15665.673158476005,17603
2103,185,2023,Q2,31236.07715939929,19066
2104,185,2023,Q2,45663.00417967302,49084
2105,185,2023,Q2,15064.906044946652,12389
2115,186,2023,Q2,25906.439755887593,23953
2116,186,2023,Q2,38662.800779857476,23519
2117,186,2023,Q2,27211.34725906387,20201
2127,187,2023,Q2,13364.744602671755,16427
2128,187,2023,Q2,30430.40928775664,16921
2129,187,2023,Q2,10422.954329980821,15268
2139,188,2023,Q2,12982.363324745187,16627
2140,188,2023,Q2,17030.930678471723,23951
2141,188,2023,Q2,42212.63423257744,26515
2151,189,2023,Q2,27866.168383348584,12818
2152,189,2023,Q2,43119.303771798244,27639
2153,189,2023,Q2,17048.58464400136,17302
2163,190,2023,Q2,44474.61020010738,37147
2164,190,2023,Q2,46914.22720268503,37219
2165,190,2023,Q2,16765.20267010805,14793
2175,191,2023,Q2,11514.387023725852,16335
2176,191,2023,Q2,25813.27334271869,25939
2177,191,2023,Q2,28407.696562958925,16579
2187,192,2023,Q2,45357.66560093619,51248
2188,192,2023,Q2,13490.04885036162,11295
2189,192,2023,Q2,12508.325362436028,12110
2199,193,2023,Q2,35240.00198,26315
2200,193,2023,Q2,33798.681404611445,16806
2201,193,2023,Q2,43047.82601948602,41295
2211,194,2023,Q2,38062.682090473245,30692
2212,194,2023,Q2,45628.988989305886,51262
2213,194,2023,Q2,33165.17050939903,18062
2223,195,2023,Q2,42585.37874,14155
2224,195,2023,Q2,24696.36742170684,17241
2225,195,2023,Q2,19586.887390709366,12579
2235,196,2023,Q2,27340.883410010287,35983
2236,196,2023,Q2,42807.34969678132,12626
2237,196,2023,Q2,19206.800768187386,19850
2247,197,2023,Q2,46565.47882182331,30975
2248,197,2023,Q2,46389.45624,14777
2249,197,2023,Q2,21226.92794526385,27468
2259,198,2023,Q2,35254.74775973828,13423
2260,198,2023,Q2,36465.017569787466,18854
2261,198,2023,Q2,41251.35762046809,40582
2271,199,2023,Q2,27066.299051446316,18351
2272,199,2023,Q2,12980.58371683168,15128
2273,199,2023,Q2,27930.001432731377,26750
2283,200,2023,Q2,13229.596918887342,17871
2284,200,2023,Q2,26706.217790403003,21052
2285,200,2023,Q2,22561.84504056834,25535
2295,201,2023,Q2,39647.80804550274,17354
2296,201,2023,Q2,41996.04867082971,37039
2297,201,2023,Q2,40921.458362375895,45278
2307,202,2023,Q2,40716.728033153326,12239
2308,202,2023,Q2,20695.443323506963,21753
2309,202,2023,Q2,31669.759580866896,35624
2319,203,2023,Q2,22006.986329493346,20996
2320,203,2023,Q2,33605.992582224586,10975
2321,203,2023,Q2,11652.665714335817,20766
2331,204,2023,Q2,22854.06790610873,20611
2332,204,2023,Q2,36381.65839,38672
2333,204,2023,Q2,20984.53766,24241
2343,205,2023,Q2,49310.47243106559,15897
2344,205,2023,Q2,17732.28602814647,10148
2345,205,2023,Q2,10406.475100943764,13603
2355,206,2023,Q2,47522.093422065096,33254
2356,206,2023,Q2,49173.69902608449,51036
2357,206,2023,Q2,43994.93607775508,39814
2367,207,2023,Q2,14773.790064520012,14411
2368,207,2023,Q2,48812.46966501082,19234
2369,207,2023,Q2,20306.37415391227,12235
2379,208,2023,Q2,12821.097521699945,19150
2380,208,2023,Q2,15812.862375849356,10883
2381,208,2023,Q2,25273.21375909412,31347
2391,209,2023,Q2,42311.42672611846,46872
2392,209,2023,Q2,39444.30382334459,35966
2393,209,2023,Q2,43101.72870826893,50860
2403,210,2023,Q2,19040.486596190778,15163
2404,210,2023,Q2,16401.635079336185,26236
2405,210,2023,Q2,12288.050256018672,10098
2415,211,2023,Q2,48884.110515121305,42670
2416,211,2023,Q2,39022.374779238104,46343
2417,211,2023,Q2,27441.773287641267,26115
2427,212,2023,Q2,10490.964264508617,17672
2428,212,2023,Q2,28676.16702573771,26960
2429,212,2023,Q2,48632.64956519581,40264
2439,213,2023,Q2,22025.85388391015,15421
2440,213,2023,Q2,24417.634471273035,20291
2441,213,2023,Q2,11237.252468879522,13588
2451,214,2023,Q2,16686.675165184322,22032
2452,214,2023,Q2,28671.410064035932,27947
2453,214,2023,Q2,36014.76680321702,35674
2463,215,2023,Q2,20334.365565479744,18443
2464,215,2023,Q2,25153.441662396384,20041
2465,215,2023,Q2,15859.274171241937,13412
2475,216,2023,Q2,28140.84288933496,22152
2476,216,2023,Q2,12502.30389309624,14427
2477,216,2023,Q2,41001.15028479036,48107
2487,217,2023,Q2,28815.521894458816,11192
2488,217,2023,Q2,19893.39071953418,16560
2489,217,2023,Q2,22537.69929552696,17342
2499,218,2023,Q2,35095.388704203935,36701
2500,218,2023,Q2,13449.965875756878,22417
2501,218,2023,Q2,13418.20499620852,12252
2511,219,2023,Q2,22977.642814382543,23503
2512,219,2023,Q2,23059.039149195974,28130
2513,219,2023,Q2,36990.15224442112,31491
2523,220,2023,Q2,21029.501701105593,20723
2524,220,2023,Q2,47670.445940879334,51156
2525,220,2023,Q2,38854.506148654546,13361
2535,221,2023,Q2,15911.34621777767,14470
2536,221,2023,Q2,44584.97029867834,23620
2537,221,2023,Q2,47029.40326984217,48217
2547,222,2023,Q2,41316.47066,26412
2548,222,2023,Q2,38638.20837194531,40849
2549,222,2023,Q2,35219.115689612256,41217
2559,223,2023,Q2,34844.015891265095,23001
2560,223,2023,Q2,45916.57840472342,34787
2561,223,2023,Q2,25917.722721161233,24413
2571,224,2023,Q2,25953.294278927136,16238
2572,224,2023,Q2,20802.06392041688,29116
2573,224,2023,Q2,30298.69346140191,34421
2583,225,2023,Q2,43154.45704634732,30626
2584,225,2023,Q2,13617.180563140697,12943
2585,225,2023,Q2,11465.602788330332,14370
2595,230,2023,Q2,49925.53741064831,23328
2596,230,2023,Q2,12972.833696978108,15244
2597,230,2023,Q2,39510.933042342826,43758
2607,231,2023,Q2,19029.811327964504,10520
2608,231,2023,Q2,12089.331463849758,19710
2609,231,2023,Q2,24577.71011633859,31457
2619,232,2023,Q2,15440.657631292866,14698
2620,232,2023,Q2,15027.170889095962,15650
2621,232,2023,Q2,40729.92095041889,33669
2631,233,2023,Q2,23422.868510187684,32408
2632,233,2023,Q2,10995.279854753704,18754
2633,233,2023,Q2,48753.25479417164,29601
2643,234,2023,Q2,37627.834127548376,33756
2644,234,2023,Q2,18185.656154153447,16482
2645,234,2023,Q2,11822.414523235731,15861
2655,235,2023,Q2,49971.38236713757,33988
2656,235,2023,Q2,48044.03783643981,56600
2657,235,2023,Q2,30850.27464498527,22104
2667,236,2023,Q2,12248.924247549148,12106
2668,236,2023,Q2,48712.98522964818,40573
2669,236,2023,Q2,15881.37321,23761
2679,237,2023,Q2,46454.62248136682,31901
2680,237,2023,Q2,25823.683303257174,27277
2681,237,2023,Q2,42555.30179176842,47366
2691,239,2023,Q2,14958.930318334582,16988
2692,239,2023,Q2,34844.72470597552,25279
2693,239,2023,Q2,23159.30963684992,10559
2703,240,2023,Q2,37138.428459262606,18452
2704,240,2023,Q2,19656.432383250445,15122
2705,240,2023,Q2,14588.980409141179,10009
2715,241,2023,Q2,30381.05397605897,25554
2716,241,2023,Q2,48014.24971867646,32706
2717,241,2023,Q2,12969.813939937463,11286
2727,243,2023,Q2,10984.17383007503,10448
2728,243,2023,Q2,38506.36166156398,28989
2729,243,2023,Q2,32445.77809471791,27540
2739,244,2023,Q2,46815.06537461671,35462
2740,244,2023,Q2,46569.14295060298,31703
2741,244,2023,Q2,33845.91005044784,22138
2751,245,2023,Q2,27984.439128509108,17708
2752,245,2023,Q2,16862.571504429077,24726
2753,245,2023,Q2,38528.21309642214,10821
2763,246,2023,Q2,11144.806411344991,11523
2764,246,2023,Q2,24608.932101553284,23201
2765,246,2023,Q2,38678.10214382752,36713
2775,247,2023,Q2,31950.21985766188,28236
2776,247,2023,Q2,22769.47575192155,15356
2777,247,2023,Q2,38223.083161298244,26159
2787,248,2023,Q2,28016.209471265356,15296
2788,248,2023,Q2,38718.988800871244,40887
2789,248,2023,Q2,20379.102075602263,10141
2799,249,2023,Q2,28022.508658526956,26237
2800,249,2023,Q2,32091.018199644906,41350
2801,249,2023,Q2,41846.38961633311,11500
2811,250,2023,Q2,27067.49052492194,30537
2812,250,2023,Q2,15897.134934830847,23844
2813,250,2023,Q2,28594.98060780296,29906
2823,251,2023,Q2,36949.09149316361,10181
2824,251,2023,Q2,21440.425919334644,11101
2825,251,2023,Q2,47447.67425190771,57231
2835,253,2023,Q2,39260.70910640438,25228
2836,253,2023,Q2,24655.381673917065,22403
2837,253,2023,Q2,36962.93779786221,13390
2847,254,2023,Q2,27321.41546776218,26506
2848,254,2023,Q2,47307.84408487035,29025
2849,254,2023,Q2,34593.997580104275,44417
2859,258,2023,Q2,49889.34918660074,44648
2860,258,2023,Q2,18799.70810416356,13424
2861,258,2023,Q2,37195.66553,28149
2871,270,2023,Q2,32979.03891709517,18856
2872,270,2023,Q2,36805.854930390415,32156
2873,270,2023,Q2,46621.84720321422,28130
2883,280,2023,Q2,45587.33492954189,13171
2884,280,2023,Q2,34521.24855668835,34977
2885,280,2023,Q2,26107.875528138487,26514
2895,281,2023,Q2,11926.26911,21853
2896,281,2023,Q2,19963.473070710967,18845
2897,281,2023,Q2,11344.021777853879,16141
2907,282,2023,Q2,12928.622742595195,19577
2908,282,2023,Q2,12429.604664719904,20021
2909,282,2023,Q2,36105.42327995571,28464
2919,283,2023,Q2,16822.038983161394,20190
2920,283,2023,Q2,29754.514446372665,33635
2921,283,2023,Q2,22312.42307630259,27856
2931,284,2023,Q2,37863.40106199845,22875
2932,284,2023,Q2,12524.203232688418,11246
2933,284,2023,Q2,33111.36354808993,10664
2943,300,2023,Q2,39880.99396321586,13519
2944,300,2023,Q2,25176.39164300992,13445
2945,300,2023,Q2,22679.48779203842,10099
2955,301,2023,Q2,16596.707432830444,22885
2956,301,2023,Q2,24886.85520259283,27042
2957,301,2023,Q2,47564.76576432881,53162
2967,302,2023,Q2,20163.69964943033,25827
2968,302,2023,Q2,11303.972867395387,17507
2969,302,2023,Q2,15923.714848747306,22380
2979,303,2023,Q2,27539.901943497913,37181
2980,303,2023,Q2,33178.722932263125,27600
2981,303,2023,Q2,38431.75613573195,12065
2991,304,2023,Q2,33530.07824718186,20506
2992,304,2023,Q2,45179.76532942515,45736
2993,304,2023,Q2,35591.04450026033,20133
3003,305,2023,Q2,12584.206553159958,19595
3004,305,2023,Q2,47511.90186978079,47808
3005,305,2023,Q2,36087.35225445225,36455
3015,306,2023,Q2,21880.005905196376,13430
3016,306,2023,Q2,14190.765218656852,19890
3017,306,2023,Q2,47666.98242382345,51957
3027,310,2023,Q2,10355.395122258537,12308
3028,310,2023,Q2,11554.11672,13291
3029,310,2023,Q2,48578.073362617586,16526
3039,350,2023,Q2,10312.8628,12483
3040,350,2023,Q2,17059.138233254493,25438
3041,350,2023,Q2,36505.92661557463,42932
3051,351,2023,Q2,29592.087228180855,11760
3052,351,2023,Q2,10923.016402143869,15053
3053,351,2023,Q2,10420.861363136553,15657
3063,352,2023,Q2,48869.587847034105,57906
3064,352,2023,Q2,36000.733296510145,14290
3065,352,2023,Q2,22316.08417308356,27813
3075,360,2023,Q2,33636.57405967194,32765
3076,360,2023,Q2,37145.92427587816,24475
3077,360,2023,Q2,31343.386062500533,30471
3087,361,2023,Q2,40656.95771979306,21192
3088,361,2023,Q2,12398.648523649132,15578
3089,361,2023,Q2,43941.43626313288,51951
3099,400,2023,Q2,24085.678127705924,22711
3100,400,2023,Q2,41150.60812068111,28691
3101,400,2023,Q2,24779.233243639923,16146
3111,401,2023,Q2,28107.694057136512,12106
3112,401,2023,Q2,24751.149809117247,33775
3113,401,2023,Q2,27123.22469732962,31948
3123,402,2023,Q2,11432.46339342756,10521
3124,402,2023,Q2,18229.139384540533,25714
3125,402,2023,Q2,48662.88449,58160
3135,403,2023,Q2,47445.45028990459,26283
3136,403,2023,Q2,45666.51575175175,28412
3137,403,2023,Q2,25426.29866280275,23944
3147,404,2023,Q2,44118.44503145792,41179
3148,404,2023,Q2,34972.120722091626,16078
3149,404,2023,Q2,45078.55407,41688
3159,405,2023,Q2,40099.09990174674,16822
3160,405,2023,Q2,21245.55124791617,26519
3161,405,2023,Q2,43647.57936899027,31919
3171,406,2023,Q2,43968.09484534875,41342
3172,406,2023,Q2,20952.88480678708,28941
3173,406,2023,Q2,32933.66069511107,21692
3183,407,2023,Q2,43226.84325816433,38125
3184,407,2023,Q2,49885.25165915867,17762
3185,407,2023,Q2,44585.20764,32886
3195,408,2023,Q2,11601.335987522878,16682
3196,408,2023,Q2,31324.796261005453,21569
3197,408,2023,Q2,17724.816239420565,16933
3207,426,2023,Q2,35384.74939195934,18230
3208,426,2023,Q2,34224.13696,25716
3209,426,2023,Q2,41174.46562993481,36775
3219,427,2023,Q2,48229.47842,20413
3220,427,2023,Q2,47111.963190407485,11795
3221,427,2023,Q2,21500.56246091668,30566
3231,428,2023,Q2,45326.84696607404,29002
3232,428,2023,Q2,14809.414246830554,18319
3233,428,2023,Q2,11444.537227585493,14445
3243,429,2023,Q2,11045.293103842892,13145
3244,429,2023,Q2,35232.81066494068,20667
3245,429,2023,Q2,10648.677943568158,11646
3255,431,2023,Q2,14429.15022,13658
3256,431,2023,Q2,45576.38494412707,43871
3257,431,2023,Q2,35671.523225135155,16839
3267,451,2023,Q2,23047.720995362488,10127
3268,451,2023,Q2,10369.894430406235,14947
3269,451,2023,Q2,10284.742002518178,16992
3279,452,2023,Q2,35815.87108080769,33228
3280,452,2023,Q2,17020.168028266784,13249
3281,452,2023,Q2,33955.23467182516,42419
3291,453,2023,Q2,23742.307960735343,21495
3292,453,2023,Q2,38175.51889069639,11074
3293,453,2023,Q2,45456.624101115245,45792
3303,454,2023,Q2,35838.94692653893,18121
3304,454,2023,Q2,38655.94821700734,43765
3305,454,2023,Q2,28375.484136963543,36873
3315,455,2023,Q2,43499.54403910025,23335
3316,455,2023,Q2,28069.225661770284,17844
3317,455,2023,Q2,25799.174981087497,16697
3327,460,2023,Q2,47497.198791177754,23536
3328,460,2023,Q2,11731.40391671837,13325
3329,460,2023,Q2,26202.08266,26901
3339,461,2023,Q2,38261.76280726013,40914
3340,461,2023,Q2,27243.083074270136,21659
3341,461,2023,Q2,25699.01934932969,23432
3351,501,2023,Q2,18525.93297259944,25973
3352,501,2023,Q2,34961.74341247606,28031
3353,501,2023,Q2,30859.390078467142,36050
3363,502,2023,Q2,11105.063218649982,11912
3364,502,2023,Q2,12407.65190403852,14084
3365,502,2023,Q2,43637.055736114125,12515
3375,503,2023,Q2,49260.970268276506,21305
3376,503,2023,Q2,22332.89691199504,10086
3377,503,2023,Q2,37919.57344167039,26509
3387,504,2023,Q2,41662.29533548713,25700
3388,504,2023,Q2,42471.723396497095,30742
3389,504,2023,Q2,18723.449082697436,25035
3399,505,2023,Q2,41786.95089050407,42049
3400,505,2023,Q2,25734.74426,33368
3401,505,2023,Q2,24986.754185101887,17399
3411,506,2023,Q2,19878.26192475613,13749
3412,506,2023,Q2,10862.300622417137,14910
3413,506,2023,Q2,35641.836804111575,30369
3423,507,2023,Q2,43359.460559031795,28234
3424,507,2023,Q2,18531.365744111445,22415
3425,507,2023,Q2,14694.24256339468,12889
3435,508,2023,Q2,38959.762888860685,24487
3436,508,2023,Q2,40616.74826471011,33243
3437,508,2023,Q2,44837.7485,21594
3447,509,2023,Q2,11936.792812262107,18270
3448,509,2023,Q2,18529.216447804683,21891
3449,509,2023,Q2,13958.343121147871,19840
3459,510,2023,Q2,41413.91352093422,16740
3460,510,2023,Q2,23832.17219776799,29566
3461,510,2023,Q2,32849.920709389946,23880
3471,511,2023,Q2,14470.389092929196,12199
3472,511,2023,Q2,17498.71084525951,22064
3473,511,2023,Q2,32394.91011243243,13818
3483,512,2023,Q2,23582.558250320406,21030
3484,512,2023,Q2,19317.98357671706,19755
3485,512,2023,Q2,14993.093357459078,13128
3495,513,2023,Q2,10161.87143499137,11694
3496,513,2023,Q2,15060.031385171362,12127
3497,513,2023,Q2,44875.31903246519,40063
3507,514,2023,Q2,19577.75484885739,19556
3508,514,2023,Q2,33528.01614674152,21301
3509,514,2023,Q2,38740.138198899134,32417
3519,515,2023,Q2,32435.665201255502,38741
3520,515,2023,Q2,28150.826729624856,35985
3521,515,2023,Q2,20443.23238787766,13546
3531,516,2023,Q2,12108.231089478857,20480
3532,516,2023,Q2,26004.171212958667,16535
3533,516,2023,Q2,12660.188389660183,21747
3543,517,2023,Q2,42348.067292058164,46221
3544,517,2023,Q2,38240.68171156979,32162
3545,517,2023,Q2,31181.96565928879,12133
3555,518,2023,Q2,13840.332311405655,12048
3556,518,2023,Q2,39440.30204223575,42876
3557,518,2023,Q2,32341.327722522077,32817
3567,519,2023,Q2,16487.904625183714,22185
3568,519,2023,Q2,29442.449675601532,19712
3569,519,2023,Q2,41434.33882722506,32540
3579,520,2023,Q2,16745.344836561002,23573
3580,520,2023,Q2,30621.343647333608,29722
3581,520,2023,Q2,32404.09272129107,17760
3591,521,2023,Q2,30661.327637092192,38414
3592,521,2023,Q2,23662.131577144995,17614
3593,521,2023,Q2,42334.39985683184,23114
3603,522,2023,Q2,19187.42487091675,28265
3604,522,2023,Q2,48743.60567637769,47705
3605,522,2023,Q2,16767.55143,12294
3615,523,2023,Q2,22075.748859702348,21130
3616,523,2023,Q2,23205.385811651373,31451
3617,523,2023,Q2,40791.44400534194,38930
3627,524,2023,Q2,31658.236131403923,14654
3628,524,2023,Q2,12184.69925,10629
3629,524,2023,Q2,15394.30699,15261
3639,525,2023,Q2,33285.51974552597,31588
3640,525,2023,Q2,28677.38801,33029
3641,525,2023,Q2,44284.083952277186,46046
3651,526,2023,Q2,21291.69620169927,23576
3652,526,2023,Q2,12297.994260524465,13505
3653,526,2023,Q2,14371.440140894007,19565
3663,527,2023,Q2,38918.023027588286,16437
3664,527,2023,Q2,27691.198903945202,33394
3665,527,2023,Q2,10818.433076976426,15629
3675,528,2023,Q2,16661.721536184647,12756
3676,528,2023,Q2,23656.73192857514,13353
3677,528,2023,Q2,21752.35496671417,26771
3687,529,2023,Q2,28614.08717571126,15411
3688,529,2023,Q2,28590.45886501598,30380
3689,529,2023,Q2,11493.009293992227,16050
3699,530,2023,Q2,43179.86379531802,34508
3700,530,2023,Q2,21287.62452236526,23063
3701,530,2023,Q2,43582.57952289082,18149
3711,531,2023,Q2,25878.717778768216,28206
3712,531,2023,Q2,29294.00162812235,35483
3713,531,2023,Q2,44499.130230833915,29411
3723,532,2023,Q2,43805.800039958274,10689
3724,532,2023,Q2,44741.32407045043,22420
3725,532,2023,Q2,20367.826420050667,29552
3735,533,2023,Q2,14492.575518844775,18347
3736,533,2023,Q2,43527.67184374561,53343
3737,533,2023,Q2,21750.158738039947,12051
3747,534,2023,Q2,10620.816689071928,18902
3748,534,2023,Q2,25333.064385789534,23598
3749,534,2023,Q2,45437.71081703384,41093
3759,535,2023,Q2,18337.374101647554,14104
3760,535,2023,Q2,24320.974282976855,15807
3761,535,2023,Q2,11797.771588386237,17602
3771,536,2023,Q2,20524.533986343136,13306
3772,536,2023,Q2,34470.96396386759,16206
3773,536,2023,Q2,12126.855458577838,17913
3783,537,2023,Q2,39909.26162961373,10851
3784,537,2023,Q2,27222.231239072116,25122
3785,537,2023,Q2,12209.93118550973,21859
3795,538,2023,Q2,20895.273872551224,16549
3796,538,2023,Q2,46257.41878960317,34772
3797,538,2023,Q2,48750.72096877096,31664
3807,539,2023,Q2,26949.80721347444,21892
3808,539,2023,Q2,41876.42324837509,34500
3809,539,2023,Q2,32429.706443404768,17274
3819,540,2023,Q2,13063.171342098356,16704
3820,540,2023,Q2,40675.28418992259,29962
3821,540,2023,Q2,34836.70053762334,42673
3831,541,2023,Q2,20518.49888459932,11298
3832,541,2023,Q2,25660.496903011368,29621
3833,541,2023,Q2,25403.223401387622,14894
3843,542,2023,Q2,41488.41639010816,21127
3844,542,2023,Q2,42012.82208705932,21377
3845,542,2023,Q2,33932.30463724754,26335
3855,543,2023,Q2,28027.962234592364,37582
3856,543,2023,Q2,19231.956128215897,26602
3857,543,2023,Q2,46016.97731734185,24739
3867,544,2023,Q2,37055.49192010819,19468
3868,544,2023,Q2,42290.64413245123,19074
3869,544,2023,Q2,21357.702169880307,31097
3879,545,2023,Q2,45345.00025827747,47532
3880,545,2023,Q2,40012.40889849027,46596
3881,545,2023,Q2,22338.42477984227,17500
3891,546,2023,Q2,35740.89900234009,15855
3892,546,2023,Q2,40890.921697875805,37801
3893,546,2023,Q2,45460.50889341569,24571
3903,547,2023,Q2,11107.855119453727,11597
3904,547,2023,Q2,35008.229028984344,32368
3905,547,2023,Q2,22502.892990918706,15555
3915,550,2023,Q2,20080.241818580816,15076
3916,550,2023,Q2,29116.326588365042,33928
3917,550,2023,Q2,27588.61645250825,37493
3927,551,2023,Q2,28835.04971931193,36713
3928,551,2023,Q2,14324.978951253988,10985
3929,551,2023,Q2,18429.996198329667,14311
3939,552,2023,Q2,39419.58630119245,37098
3940,552,2023,Q2,17004.63386561207,16737
3941,552,2023,Q2,34835.59414774769,13028
3951,553,2023,Q2,11533.497530183899,20393
3952,553,2023,Q2,37664.70029073758,27993
3953,553,2023,Q2,18527.74599706223,21771
3963,554,2023,Q2,36833.41996011506,19845
3964,554,2023,Q2,16605.33615933809,11699
3965,554,2023,Q2,17660.776395285284,26894
3975,555,2023,Q2,39834.79639831791,29486
3976,555,2023,Q2,18788.34905746088,10833
3977,555,2023,Q2,14301.152273661559,16054
3987,556,2023,Q2,19560.446461176645,15232
3988,556,2023,Q2,13986.421578932555,11099
3989,556,2023,Q2,19994.745256070513,23314
3999,557,2023,Q2,36519.572824609306,15787
4000,557,2023,Q2,49690.55409416437,35502
4001,557,2023,Q2,23494.23830398821,11904
4011,558,2023,Q2,46288.27955087054,45819
4012,558,2023,Q2,39022.924348179295,35266
4013,558,2023,Q2,18863.745661924244,14438
4023,559,2023,Q2,30453.824502814492,40017
4024,559,2023,Q2,17713.546017812638,18166
4025,559,2023,Q2,12394.127746159294,10717
4035,560,2023,Q2,16297.770912506308,18590
4036,560,2023,Q2,43983.26210158247,23089
4037,560,2023,Q2,22185.17457864405,27110
4047,561,2023,Q2,36362.529097711835,15137
4048,561,2023,Q2,24816.015452097112,18218
4049,561,2023,Q2,16626.350957043524,10735
4059,562,2023,Q2,31784.887032809944,11046
4060,562,2023,Q2,14064.329334101858,13158
4061,562,2023,Q2,14520.748216071788,24103
4071,563,2023,Q2,34424.455208717845,39503
4072,563,2023,Q2,49186.51968,44491
4073,563,2023,Q2,33331.569446283494,36998
4083,566,2023,Q2,36596.76819916499,36532
4084,566,2023,Q2,19585.478707475748,25092
4085,566,2023,Q2,16710.909786003904,19644
4095,601,2023,Q2,23902.256606116254,16579
4096,601,2023,Q2,17853.30007751382,24852
4097,601,2023,Q2,40176.36361909617,41436
4107,602,2023,Q2,15222.636579611019,22829
4108,602,2023,Q2,22701.11039265799,15294
4109,602,2023,Q2,24012.106967869186,16557
4119,603,2023,Q2,16439.516876482245,13240
4120,603,2023,Q2,42272.99897876027,22034
4121,603,2023,Q2,14519.224639331347,20655
4131,604,2023,Q2,30081.725314441355,10822
4132,604,2023,Q2,33333.71085559401,35331
4133,604,2023,Q2,45985.13897496094,22321
4143,605,2023,Q2,25683.545921105844,32527
4144,605,2023,Q2,21026.278760563804,15796
4145,605,2023,Q2,25346.843138017648,19746
4155,606,2023,Q2,22522.956123382242,29357
4156,606,2023,Q2,46510.48575033853,28184
4157,606,2023,Q2,15528.07353655362,11765
4167,607,2023,Q2,12844.699676801485,12625
4168,607,2023,Q2,49117.35512,32091
4169,607,2023,Q2,39038.083826515955,44593
4179,608,2023,Q2,41591.596550326416,47488
4180,608,2023,Q2,16940.822741829692,22181
4181,608,2023,Q2,28051.997563520283,27169
4191,609,2023,Q2,41095.12153,12533
4192,609,2023,Q2,43442.85319398285,30214
4193,609,2023,Q2,20249.79671982368,15132
4203,610,2023,Q2,12679.196951802409,13724
4204,610,2023,Q2,30779.577728164255,11115
4205,610,2023,Q2,15254.729931038168,10943
4215,611,2023,Q2,26781.068096219584,21773
4216,611,2023,Q2,40046.96162033363,14822
4217,611,2023,Q2,11108.482711780727,11107
4227,612,2023,Q2,32796.14886484029,38805
4228,612,2023,Q2,40083.59488143935,48843
4229,612,2023,Q2,27679.78075260026,25070
4239,614,2023,Q2,30395.417470789675,12981
4240,614,2023,Q2,12938.493897290453,19154
4241,614,2023,Q2,16503.803734333986,26288
4251,615,2023,Q2,32865.433016138326,42178
4252,615,2023,Q2,15268.45458594245,15763
4253,615,2023,Q2,40688.44045916979,10397
4263,617,2023,Q2,21292.45084,11417
4264,617,2023,Q2,28288.412754443423,27137
4265,617,2023,Q2,22276.257144749397,30146
4275,618,2023,Q2,49328.24584924714,32105
4276,618,2023,Q2,43690.13663419436,27631
4277,618,2023,Q2,10304.210314578142,17395
4287,619,2023,Q2,37106.79818625226,25478
4288,619,2023,Q2,14651.48053583083,17692
4289,619,2023,Q2,37376.53849938579,43171
4299,620,2023,Q2,36317.37692173521,14724
4300,620,2023,Q2,15149.292567068482,24636
4301,620,2023,Q2,24361.513136724454,13135
4311,621,2023,Q2,23175.922194477065,22292
4312,621,2023,Q2,11539.757962578184,20653
4313,621,2023,Q2,23346.668392849046,28886
4323,622,2023,Q2,39743.38422,19974
4324,622,2023,Q2,12818.72802830279,10965
4325,622,2023,Q2,37496.27734961598,32053
4335,624,2023,Q2,34084.814497374355,24379
4336,624,2023,Q2,29169.000287201103,15105
4337,624,2023,Q2,12361.860686214175,10555
4347,625,2023,Q2,44245.18225591025,14955
4348,625,2023,Q2,39046.341223906304,45583
4349,625,2023,Q2,16947.744261325646,19754
4359,626,2023,Q2,21415.806641099764,11593
4360,626,2023,Q2,30605.979692829318,37545
4361,626,2023,Q2,35527.65569042499,22747
4371,627,2023,Q2,16319.75354148839,14792
4372,627,2023,Q2,40923.09393017896,46724
4373,627,2023,Q2,24655.182006103354,23363
4383,628,2023,Q2,14062.581513619116,15379
4384,628,2023,Q2,39544.267381713405,26927
4385,628,2023,Q2,37019.03650242601,46875
4395,629,2023,Q2,49898.52917869247,34393
4396,629,2023,Q2,11612.375767231793,10719
4397,629,2023,Q2,31659.576593178084,17413
4407,630,2023,Q2,27087.210807400465,36787
4408,630,2023,Q2,45571.83986442445,33883
4409,630,2023,Q2,42829.89518,50064
4419,631,2023,Q2,42364.54534462233,38146
4420,631,2023,Q2,39920.04147723046,27830
4421,631,2023,Q2,40596.645690984056,18414
4431,632,2023,Q2,46646.43007030337,39326
4432,632,2023,Q2,22065.52941041695,11471
4433,632,2023,Q2,16730.928930790164,24579
4443,633,2023,Q2,43899.66185255447,46762
4444,633,2023,Q2,17074.247328251746,21648
4445,633,2023,Q2,16314.575254972717,21531
4455,634,2023,Q2,12511.598754412265,21641
4456,634,2023,Q2,39442.06117312952,36430
4457,634,2023,Q2,15498.527938037756,18403
4467,635,2023,Q2,47439.804563785154,49232
4468,635,2023,Q2,45195.369710550556,27932
4469,635,2023,Q2,46641.847560625705,40404
4479,636,2023,Q2,45670.07012323826,19800
4480,636,2023,Q2,29985.542571749847,15407
4481,636,2023,Q2,35384.930590789314,10141
4491,637,2023,Q2,45436.067014700915,31898
4492,637,2023,Q2,41518.318358715434,49629
4493,637,2023,Q2,42048.45224149871,51155
4503,638,2023,Q2,33098.73389791498,21806
4504,638,2023,Q2,17811.376350972114,20352
4505,638,2023,Q2,38224.94473733495,19337
4515,639,2023,Q2,19030.467739166612,10882
4516,639,2023,Q2,13163.157308044067,13287
4517,639,2023,Q2,24640.087291901815,25984
4527,640,2023,Q2,26598.23157744378,11505
4528,640,2023,Q2,33354.76501387951,37319
4529,640,2023,Q2,48172.828672178955,44144
4539,641,2023,Q2,35521.870220074794,11723
4540,641,2023,Q2,44318.561346974195,10180
4541,641,2023,Q2,17291.681450747197,17131
4551,642,2023,Q2,11806.887201534257,21306
4552,642,2023,Q2,41662.81722048705,14688
4553,642,2023,Q2,13426.175084823577,10871
4563,643,2023,Q2,30666.102242826426,26748
4564,643,2023,Q2,23281.45285357069,13141
4565,643,2023,Q2,19778.748194949076,28980
4575,644,2023,Q2,40218.19442809569,26816
4576,644,2023,Q2,26093.31635193939,29600
4577,644,2023,Q2,20029.196985258674,29828
4587,645,2023,Q2,29124.42983,13150
4588,645,2023,Q2,49032.49890122265,51664
4589,645,2023,Q2,19064.222556267083,22400
4599,646,2023,Q2,46786.83745901181,37841
4600,646,2023,Q2,19557.248304404602,28596
4601,646,2023,Q2,41289.21443551278,42033
4611,647,2023,Q2,23185.38919257519,29168
4612,647,2023,Q2,40239.71037341011,29609
4613,647,2023,Q2,15357.377749280526,16879
4623,648,2023,Q2,14926.552065485277,16531
4624,648,2023,Q2,40862.51787,40187
4625,648,2023,Q2,36573.49550929943,43590
4635,649,2023,Q2,41427.444133061996,38593
4636,649,2023,Q2,38170.62505862975,10025
4637,649,2023,Q2,18992.06415976244,12007
4647,650,2023,Q2,41780.861264173116,10148
4648,650,2023,Q2,10713.68524336842,12465
4649,650,2023,Q2,12551.48073029828,16451
4659,651,2023,Q2,45866.556517307945,44808
4660,651,2023,Q2,40781.595946492096,45560
4661,651,2023,Q2,44975.79857621779,11951
4671,652,2023,Q2,36183.760936072045,13795
4672,652,2023,Q2,15450.40679128994,16589
4673,652,2023,Q2,12812.763446597857,16375
4683,653,2023,Q2,13725.91470180859,11496
4684,653,2023,Q2,48646.60639173848,43932
4685,653,2023,Q2,46669.28070566623,10951
4695,654,2023,Q2,32058.32120666869,15998
4696,654,2023,Q2,31976.832585095224,22257
4697,654,2023,Q2,37142.05418331055,39369
4707,655,2023,Q2,17434.33584,21880
4708,655,2023,Q2,40509.48032406402,36467
4709,655,2023,Q2,14665.046326150701,18987
4719,656,2023,Q2,43892.93315321078,52224
4720,656,2023,Q2,46925.097612722035,28815
4721,656,2023,Q2,14663.933385337234,22761
4731,657,2023,Q2,28158.035357151664,33974
4732,657,2023,Q2,37662.943790651756,13716
4733,657,2023,Q2,45834.93082315488,40603
4743,658,2023,Q2,39423.010378928186,44314
4744,658,2023,Q2,36971.86153316937,29362
4745,658,2023,Q2,47557.54515,40100
4755,659,2023,Q2,30504.82177,16888
4756,659,2023,Q2,21974.878506666857,31713
4757,659,2023,Q2,16446.73006859114,15560
4767,660,2023,Q2,47863.61834156947,51521
4768,660,2023,Q2,37800.45306286805,29897
4769,660,2023,Q2,41874.046392759716,45222
4779,661,2023,Q2,38692.117834193734,29499
4780,661,2023,Q2,45522.66738460494,26646
4781,661,2023,Q2,17253.694743430566,21324
4791,662,2023,Q2,25736.37672267866,21117
4792,662,2023,Q2,42331.867656657356,48540
4793,662,2023,Q2,31432.228899748377,23595
4803,663,2023,Q2,40106.09954674914,31636
4804,663,2023,Q2,18001.466714348684,21245
4805,663,2023,Q2,39610.95461927247,38287
4815,664,2023,Q2,42808.65782389665,27484
4816,664,2023,Q2,14025.60353925256,17087
4817,664,2023,Q2,36419.293978713285,33685
4827,665,2023,Q2,30095.507366281123,38120
4828,665,2023,Q2,34803.264305797784,31516
4829,665,2023,Q2,22502.561178329554,29548
4839,667,2023,Q2,21080.155940173176,28082
4840,667,2023,Q2,41417.81888695016,49188
4841,667,2023,Q2,19603.413630372037,17694
4851,668,2023,Q2,32242.45971522982,40196
4852,668,2023,Q2,25714.170092535747,14354
4853,668,2023,Q2,39884.615530215735,19546
4863,669,2023,Q2,41019.63554341602,22803
4864,669,2023,Q2,15863.304718079253,18876
4865,669,2023,Q2,13770.819445947984,14954
4875,670,2023,Q2,46849.98314647714,50125
4876,670,2023,Q2,15792.021023030084,21701
4877,670,2023,Q2,15754.148394733298,13386
4887,671,2023,Q2,36129.71854680759,43259
4888,671,2023,Q2,32839.082893880404,17515
4889,671,2023,Q2,10143.734811649514,12982
4899,672,2023,Q2,20332.6693,17180
4900,672,2023,Q2,13861.65341379471,14512
4901,672,2023,Q2,23943.069586935868,21557
4911,673,2023,Q2,13749.737666555739,19763
4912,673,2023,Q2,26869.48432977943,23898
4913,673,2023,Q2,44454.51793,11414
4923,674,2023,Q2,11542.73281455279,12476
4924,674,2023,Q2,36596.32906660515,29394
4925,674,2023,Q2,13036.704507660168,18922
4935,675,2023,Q2,30257.588458906834,34556
4936,675,2023,Q2,27323.26602811466,15965
4937,675,2023,Q2,11180.225106469286,17053
4947,676,2023,Q2,20083.435392521096,24798
4948,676,2023,Q2,32862.84988593534,22451
4949,676,2023,Q2,34312.556309245905,29902
4959,677,2023,Q2,35557.813588114834,24016
4960,677,2023,Q2,38705.60548426662,10854
4961,677,2023,Q2,25782.08907840935,17861
4971,678,2023,Q2,30424.98347084056,12207
4972,678,2023,Q2,37780.78480033316,34049
4973,678,2023,Q2,43670.56373678007,42885
4983,679,2023,Q2,18494.30871025066,19504
4984,679,2023,Q2,15593.984044861547,21168
4985,679,2023,Q2,47558.010113709955,43056
4995,680,2023,Q2,36736.77440055233,25038
4996,680,2023,Q2,28801.792086908838,38627
4997,680,2023,Q2,21654.803020202373,21265
5007,681,2023,Q2,46156.48923,22666
5008,681,2023,Q2,28008.18299781152,11639
5009,681,2023,Q2,32266.47476453576,34383
5019,682,2023,Q2,36589.49958202844,40404
5020,682,2023,Q2,35368.42278866037,15457
5021,682,2023,Q2,28876.657295822086,24757
5031,683,2023,Q2,28635.035161129326,14193
5032,683,2023,Q2,12867.017880605363,13495
5033,683,2023,Q2,24604.31464691688,30607
5043,684,2023,Q2,16039.663400762118,15026
5044,684,2023,Q2,37597.889784116756,36872
5045,684,2023,Q2,47639.33116762832,16922
5055,685,2023,Q2,30963.822645185293,25325
5056,685,2023,Q2,44218.83057795313,32331
5057,685,2023,Q2,28880.348337352556,20332
5067,686,2023,Q2,49750.15604223216,17953
5068,686,2023,Q2,35481.52373536548,39795
5069,686,2023,Q2,20257.159490432285,29164
5079,687,2023,Q2,21904.740287615503,22566
5080,687,2023,Q2,17716.767649756453,13169
5081,687,2023,Q2,15802.348014973835,12779
5091,688,2023,Q2,16292.959102373356,17563
5092,688,2023,Q2,27187.042335414502,11128
5093,688,2023,Q2,17210.581210821627,25685
5103,689,2023,Q2,19117.39513989217,10995
5104,689,2023,Q2,19682.257584418912,13118
5105,689,2023,Q2,49737.38201124404,31296
5115,690,2023,Q2,32580.972275061467,28196
5116,690,2023,Q2,16594.63044429189,21973
5117,690,2023,Q2,45207.471588339664,34977
5127,691,2023,Q2,30546.178265350292,18592
5128,691,2023,Q2,40953.744819965694,33275
5129,691,2023,Q2,40401.07273,31315
5139,692,2023,Q2,43711.813971883996,19876
5140,692,2023,Q2,23235.306091714774,23739
5141,692,2023,Q2,20723.41415190752,11738
5151,693,2023,Q2,18250.80310250943,16946
5152,693,2023,Q2,49729.130285326784,23459
5153,693,2023,Q2,40197.000502946496,35190
5163,694,2023,Q2,23522.869789971348,23643
5164,694,2023,Q2,25546.164600145567,19870
5165,694,2023,Q2,41583.27190066996,30426
5175,695,2023,Q2,40468.07660587583,15146
5176,695,2023,Q2,26595.021910770763,13180
5177,695,2023,Q2,34490.29217404782,13027
5187,696,2023,Q2,18892.603056249834,18139
5188,696,2023,Q2,46665.98239244587,50241
5189,696,2023,Q2,29309.06181000413,24670
5199,697,2023,Q2,27672.812849600043,23391
5200,697,2023,Q2,22906.060128879257,25620
5201,697,2023,Q2,14671.199324600813,17261
5211,698,2023,Q2,16228.24618762786,22860
5212,698,2023,Q2,28944.742332559134,35511
5213,698,2023,Q2,32207.225284333108,21612
5223,699,2023,Q2,11937.841681249063,16335
5224,699,2023,Q2,18439.737257518354,27929
5225,699,2023,Q2,13783.515687466563,10164
5235,701,2023,Q2,29765.092358338836,14966
5236,701,2023,Q2,29588.88299331675,15800
5237,701,2023,Q2,19601.400564031777,14064
5247,702,2023,Q2,38586.03537228562,14498
5248,702,2023,Q2,40768.98482809072,40950
5249,702,2023,Q2,18791.10503851915,13656
5259,703,2023,Q2,39371.953764859514,30239
5260,703,2023,Q2,34475.840216261306,41752
5261,703,2023,Q2,22410.22709135177,23482
5271,704,2023,Q2,43905.78889335655,26417
5272,704,2023,Q2,33539.14539766498,17261
5273,704,2023,Q2,26926.89055190904,26978
5283,705,2023,Q2,39786.09195178331,35363
5284,705,2023,Q2,14567.153203497364,19019
5285,705,2023,Q2,29799.401682163985,16624
5295,706,2023,Q2,47478.637865195284,13700
5296,706,2023,Q2,42089.05421081555,17401
5297,706,2023,Q2,17001.94210364024,14781
5307,707,2023,Q2,22960.565565372137,28500
5308,707,2023,Q2,24591.00746542714,31671
5309,707,2023,Q2,20155.363261804963,28939
5319,708,2023,Q2,30551.005813665597,36920
5320,708,2023,Q2,20846.06147706369,11219
5321,708,2023,Q2,47192.61872222637,56547
5331,710,2023,Q2,30125.521851398255,10914
5332,710,2023,Q2,23597.27382577314,22706
5333,710,2023,Q2,19710.802205863678,21362
5343,711,2023,Q2,42484.164336679416,20564
5344,711,2023,Q2,23985.976915662617,33673
5345,711,2023,Q2,35611.40963409294,31071
5355,712,2023,Q2,39449.08530294409,22276
5356,712,2023,Q2,15672.645439905715,23161
5357,712,2023,Q2,28701.882022358364,10756
5367,713,2023,Q2,39233.03761235488,40721
5368,713,2023,Q2,31272.904268115064,10039
5369,713,2023,Q2,40119.71662122755,12063
5379,714,2023,Q2,36070.40517357085,33277
5380,714,2023,Q2,21739.46072956494,10865
5381,714,2023,Q2,43233.21695027251,43428
5391,715,2023,Q2,35431.61252130635,44980
5392,715,2023,Q2,27423.065911987116,18193
5393,715,2023,Q2,16426.340717546118,19946
5403,716,2023,Q2,11110.398513418342,13569
5404,716,2023,Q2,49535.195638227684,51293
5405,716,2023,Q2,37196.10102,12775
5415,718,2023,Q2,17919.931791848125,19009
5416,718,2023,Q2,47993.597133476535,18593
5417,718,2023,Q2,19454.50687522992,26749
5427,719,2023,Q2,39723.06037162182,17252
5428,719,2023,Q2,38367.00666897767,26096
5429,719,2023,Q2,21336.800900767543,15025
5439,720,2023,Q2,20263.312302083803,29925
5440,720,2023,Q2,38447.027100762934,43044
5441,720,2023,Q2,40635.66092202231,30630
5451,721,2023,Q2,25887.031685346235,11772
5452,721,2023,Q2,27067.717619479114,17531
5453,721,2023,Q2,21869.171020650265,11679
5463,722,2023,Q2,23976.31709004037,29950
5464,722,2023,Q2,27745.92309708006,30572
5465,722,2023,Q2,15166.169634039463,24414
5475,723,2023,Q2,23589.78592603167,28726
5476,723,2023,Q2,42917.687385650206,34544
5477,723,2023,Q2,23120.12087906536,13515
5487,724,2023,Q2,21831.837989575415,21751
5488,724,2023,Q2,11347.806093485686,13343
5489,724,2023,Q2,28604.44057741239,19885
5499,725,2023,Q2,44985.04131071557,15219
5500,725,2023,Q2,28721.00411662267,34046
5501,725,2023,Q2,49034.382216202685,46518
5511,726,2023,Q2,29524.619436696656,21872
5512,726,2023,Q2,33288.414538873054,26252
5513,726,2023,Q2,39147.309032481346,23685
5523,727,2023,Q2,45180.67829002276,46012
5524,727,2023,Q2,46883.24635602159,21191
5525,727,2023,Q2,20988.644950157373,15819
5535,728,2023,Q2,23719.191426676247,10645
5536,728,2023,Q2,17000.139751697156,23636
5537,728,2023,Q2,31670.79699155162,28997
5547,729,2023,Q2,12110.396124753917,14822
5548,729,2023,Q2,32751.098077815343,16665
5549,729,2023,Q2,14241.132014009036,14405
5559,730,2023,Q2,37792.932394839125,32983
5560,730,2023,Q2,30521.945981945064,32786
5561,730,2023,Q2,28311.693762458668,29519
5571,731,2023,Q2,20739.747584608165,13650
5572,731,2023,Q2,25922.17210029885,17799
5573,731,2023,Q2,23886.636566031564,14190
5583,732,2023,Q2,20010.74325103171,23201
5584,732,2023,Q2,36094.24463630786,12592
5585,732,2023,Q2,14293.021646475088,23057
5595,733,2023,Q2,40825.670438049354,37593
5596,733,2023,Q2,32957.49973783796,33447
5597,733,2023,Q2,38078.769729435706,46856
5607,734,2023,Q2,15867.121648307206,14649
5608,734,2023,Q2,18498.51903177302,11004
5609,734,2023,Q2,19478.679952337265,23580
5619,735,2023,Q2,19347.110272405946,26702
5620,735,2023,Q2,23492.245289636558,10483
5621,735,2023,Q2,14500.189812518798,10434
5631,736,2023,Q2,29216.844277126896,23981
5632,736,2023,Q2,34847.12256944476,15064
5633,736,2023,Q2,10290.971954653432,10776
5643,737,2023,Q2,26863.351375767885,17903
5644,737,2023,Q2,28466.47135229483,13535
5645,737,2023,Q2,25724.036707127223,24963
5655,738,2023,Q2,28036.12934665148,35346
5656,738,2023,Q2,12929.302662021293,21086
5657,738,2023,Q2,30148.71617826053,39256
5667,739,2023,Q2,26973.38749933389,30667
5668,739,2023,Q2,41096.19108044886,22066
5669,739,2023,Q2,24517.736165671824,30370
5679,740,2023,Q2,36812.16200656994,34822
5680,740,2023,Q2,10129.88563994464,10277
5681,740,2023,Q2,14129.144353049998,23963
5691,741,2023,Q2,24135.63309238065,14522
5692,741,2023,Q2,36953.70197000023,11934
5693,741,2023,Q2,40363.44693534987,18553
5703,742,2023,Q2,44715.89977661222,53800
5704,742,2023,Q2,23167.826550092323,11869
5705,742,2023,Q2,47052.991498493444,21721
5715,743,2023,Q2,48865.241586866636,21332
5716,743,2023,Q2,21017.71628,10196
5717,743,2023,Q2,42279.11383686232,34993
5727,744,2023,Q2,35470.01286630647,31289
5728,744,2023,Q2,40272.28153503047,12756
5729,744,2023,Q2,37993.43991463129,40691
5739,745,2023,Q2,45894.51632887734,47934
5740,745,2023,Q2,45920.895549428955,48323
5741,745,2023,Q2,10254.634646165992,16020
5751,746,2023,Q2,32648.146897449627,24283
5752,746,2023,Q2,33740.52975554262,37503
5753,746,2023,Q2,42840.00933432182,42429
5763,747,2023,Q2,12927.174104655604,20844
5764,747,2023,Q2,15450.92623826713,15330
5765,747,2023,Q2,36454.06190900643,21611
5775,749,2023,Q2,38145.52380439469,31217
5776,749,2023,Q2,11743.189268272434,14045
5777,749,2023,Q2,36826.06695203397,13819
5787,750,2023,Q2,37181.11491453803,23241
5788,750,2023,Q2,31704.145285801864,34623
5789,750,2023,Q2,23663.769231647115,20009
5799,751,2023,Q2,45990.60349750858,13583
5800,751,2023,Q2,33804.79789,16873
5801,751,2023,Q2,49956.44671765589,12629
5811,752,2023,Q2,43119.30263712291,38065
5812,752,2023,Q2,17847.760201533725,18473
5813,752,2023,Q2,48691.69802611294,28020
5823,753,2023,Q2,44292.21120985392,52542
5824,753,2023,Q2,47869.602305749795,46578
5825,753,2023,Q2,48134.48226411465,39175
5835,754,2023,Q2,34518.34830299528,43151
5836,754,2023,Q2,13745.293308191413,15546
5837,754,2023,Q2,26311.59284626949,11283
5847,755,2023,Q2,42912.223224059475,17517
5848,755,2023,Q2,39570.515611792805,28634
5849,755,2023,Q2,37693.85381495494,22120
5859,756,2023,Q2,42562.26650974251,48759
5860,756,2023,Q2,48366.08244349772,54489
5861,756,2023,Q2,43679.20919,15630
5871,760,2023,Q2,13782.842212032596,14433
5872,760,2023,Q2,47535.24543092358,13908
5873,760,2023,Q2,39980.21598678224,44812
5883,761,2023,Q2,45096.73542147755,22638
5884,761,2023,Q2,34850.81120080767,42572
5885,761,2023,Q2,29014.22905827423,16845
5895,762,2023,Q2,38420.17663782155,40835
5896,762,2023,Q2,30514.162239276327,24002
5897,762,2023,Q2,38416.72126692411,47550
5907,763,2023,Q2,42851.16996670006,45734
5908,763,2023,Q2,44569.31976288814,40030
5909,763,2023,Q2,31449.59018391194,24711
5919,764,2023,Q2,21034.939325831707,28934
5920,764,2023,Q2,39270.35949150766,10013
5921,764,2023,Q2,47714.52957,17223
5931,765,2023,Q2,48380.551153357876,25064
5932,765,2023,Q2,26375.003221625702,28920
5933,765,2023,Q2,44837.55362036523,12271
5943,766,2023,Q2,28519.69877572634,35116
5944,766,2023,Q2,10756.014845175987,15395
5945,766,2023,Q2,49682.71851618305,22889
5955,767,2023,Q2,10741.4405,10401
5956,767,2023,Q2,13985.00995038606,13281
5957,767,2023,Q2,39610.23212307084,29340
5967,768,2023,Q2,42321.302884368866,50996
5968,768,2023,Q2,26796.93876115078,16009
5969,768,2023,Q2,46811.11603077249,17788
5979,769,2023,Q2,29276.189142475487,38233
5980,769,2023,Q2,19499.05193810763,26602
5981,769,2023,Q2,26024.12103434759,31237
5991,770,2023,Q2,20456.04866929444,28624
5992,770,2023,Q2,42921.355632389146,41864
5993,770,2023,Q2,12811.590147063407,17458
6003,771,2023,Q2,13061.160511705893,22541
6004,771,2023,Q2,13665.594224904431,21896
6005,771,2023,Q2,34184.87505674426,19971
6015,772,2023,Q2,42503.14019415838,12860
6016,772,2023,Q2,25259.734578192343,27606
6017,772,2023,Q2,12561.393262340576,11533
6027,773,2023,Q2,39950.32656068625,14023
6028,773,2023,Q2,28274.556582779016,24215
6029,773,2023,Q2,33224.22698962019,13416
6039,774,2023,Q2,11832.549497917078,12644
6040,774,2023,Q2,40267.02642641887,34741
6041,774,2023,Q2,37628.322706591425,15115
6051,775,2023,Q2,40555.821588106526,45311
6052,775,2023,Q2,34273.83481350452,20578
6053,775,2023,Q2,10462.596319418784,19393
6063,776,2023,Q2,42223.84451404416,29109
6064,776,2023,Q2,43453.42131785698,42152
6065,776,2023,Q2,31235.20973886226,24539
6075,778,2023,Q2,45589.07756972331,14023
6076,778,2023,Q2,40791.78216117407,43659
6077,778,2023,Q2,49557.942844657795,26828
6087,779,2023,Q2,43057.88288965032,33695
6088,779,2023,Q2,47590.25039,21512
6089,779,2023,Q2,12797.868322964505,21262
6096,24,2023,Q2,12562.411297160199,15561
6097,24,2023,Q2,15620.723126670919,10756
6098,24,2023,Q2,46574.72387465749,27029
6075,778,2023,Q2,45589.07756972331,38870
6076,778,2023,Q2,40791.78216117407,29212
6077,778,2023,Q2,49557.942844657795,40690
