Row_ID,Store_ID,Year,Quarter,Total_Revenue,COGS,Profit
5592,733,2023,Q1,20658.73557159825,20025,633.7355716
5593,733,2023,Q1,40337.69150410763,22357,17980.6915
5594,733,2023,Q1,42998.04061057825,24952,18046.04061
5604,734,2023,Q1,10868.457517749213,,
5605,734,2023,Q1,25114.320032515105,21442,3672.320033
5606,734,2023,Q1,22891.055266249914,21785,1106.055266
5616,735,2023,Q1,33281.28811200044,29714,3567.288112
5617,735,2023,Q1,10536.219710456582,,
5618,735,2023,Q1,12209.012377525998,,
5628,736,2023,Q1,29553.321916571396,21328,8225.321917
5629,736,2023,Q1,15018.685824596041,,
5630,736,2023,Q1,33602.153740783266,26557,7045.153741
5640,737,2023,Q1,33145.653818626844,22836,10309.65382
5641,737,2023,Q1,20120.563976969403,20089,31.56397697
5642,737,2023,Q1,37476.90304145239,25650,11826.90304
5652,738,2023,Q1,30477.70181197312,25864,4613.701812
5653,738,2023,Q1,22156.28196853822,20629,1527.281969
5654,738,2023,Q1,15481.459537810855,,
5664,739,2023,Q1,44747.93781464086,22397,22350.93781
5665,739,2023,Q1,41186.65396993786,30426,10760.65397
5666,739,2023,Q1,49179.707183075436,31814,17365.70718
5676,740,2023,Q1,46595.42331875131,36452,10143.42332
5677,740,2023,Q1,30242.036060124323,29403,839.0360601
5678,740,2023,Q1,27723.139523012313,26447,1276.139523
5688,741,2023,Q1,25964.582274126762,23688,2276.582274
5689,741,2023,Q1,16235.499707974266,,
5690,741,2023,Q1,34357.054016156355,28648,5709.054016
5700,742,2023,Q1,17170.135138271748,,
5701,742,2023,Q1,16865.962935490945,,
5702,742,2023,Q1,35850.225283071115,35258,592.2252831
5712,743,2023,Q1,28869.783428807586,26197,2672.783429
5713,743,2023,Q1,47852.36544905863,24897,22955.36545
5714,743,2023,Q1,31504.597844916567,25755,5749.597845
5724,744,2023,Q1,20783.301718726303,20629,154.3017187
5725,744,2023,Q1,21456.188060262823,20099,1357.18806
5726,744,2023,Q1,37640.283135074715,37465,175.2831351
5736,745,2023,Q1,37306.9742,36978,328.9742
5737,745,2023,Q1,15932.058414941639,,
5738,745,2023,Q1,19586.377517336106,,
5748,746,2023,Q1,40331.36593008737,40121,210.3659301
5749,746,2023,Q1,31716.862076573354,25863,5853.862077
5750,746,2023,Q1,16698.026233745455,,
5760,747,2023,Q1,38586.50758635853,23325,15261.50759
5761,747,2023,Q1,41966.63503164172,28695,13271.63503
5762,747,2023,Q1,15276.855814830555,,
5772,749,2023,Q1,40223.15918867385,35158,5065.159189
5773,749,2023,Q1,13372.810869921934,,
5774,749,2023,Q1,32523.074418306165,32472,51.07441831
5784,750,2023,Q1,22613.887113173063,21783,830.8871132
5785,750,2023,Q1,40891.13437363073,29650,11241.13437
5786,750,2023,Q1,32230.225322058275,23701,8529.225322
5796,751,2023,Q1,19549.253343807737,,
5797,751,2023,Q1,47615.581543666514,45400,2215.581544
5798,751,2023,Q1,32328.201206413964,20403,11925.20121
5808,752,2023,Q1,36813.684551973856,22881,13932.68455
5809,752,2023,Q1,19732.001376954882,,
5810,752,2023,Q1,30435.33610053258,26790,3645.336101
5820,753,2023,Q1,39763.22154986198,31722,8041.22155
5821,753,2023,Q1,46707.22414627096,32795,13912.22415
5822,753,2023,Q1,23455.791239304515,22437,1018.791239
5832,754,2023,Q1,13810.964,,
5833,754,2023,Q1,17641.320200046306,,
5834,754,2023,Q1,22113.45911962054,20478,1635.45912
5844,755,2023,Q1,48326.78033467173,29602,18724.78033
5845,755,2023,Q1,24244.96800685516,23902,342.9680069
5846,755,2023,Q1,37839.425516986536,37675,164.425517
5856,756,2023,Q1,19675.67373904365,,
5857,756,2023,Q1,12974.351395289657,,
5858,756,2023,Q1,24125.150015336774,22328,1797.150015
5868,760,2023,Q1,24050.93643825352,20417,3633.936438
5869,760,2023,Q1,44941.16662176576,42378,2563.166622
5870,760,2023,Q1,34895.08918725228,20984,13911.08919
5880,761,2023,Q1,28998.811712417257,21353,7645.811712
5881,761,2023,Q1,47151.138844169276,20757,26394.13884
5882,761,2023,Q1,33310.85971442509,25606,7704.859714
5892,762,2023,Q1,49113.23130254069,36626,12487.2313
5893,762,2023,Q1,13221.66365072111,,
5894,762,2023,Q1,43593.16443769023,33549,10044.16444
5904,763,2023,Q1,39093.51536072882,31310,7783.515361
5905,763,2023,Q1,28928.16837070113,26257,2671.168371
5906,763,2023,Q1,15329.317789588504,,
5916,764,2023,Q1,44121.97611352885,26801,17320.97611
5917,764,2023,Q1,17793.97359595126,,
5918,764,2023,Q1,10483.884008994013,,
5928,765,2023,Q1,33901.53109065219,24171,9730.531091
5929,765,2023,Q1,13302.247237841662,,
5930,765,2023,Q1,43851.71630449832,22154,21697.7163
5940,766,2023,Q1,38556.958959822514,20805,17751.95896
5941,766,2023,Q1,22502.55057133917,20742,1760.550571
5942,766,2023,Q1,49605.666309503446,30868,18737.66631
5952,767,2023,Q1,22479.814597908502,22095,384.8145979
5953,767,2023,Q1,11772.141088481774,,
5954,767,2023,Q1,26384.45909163718,21127,5257.459092
5964,768,2023,Q1,33553.43905577714,21068,12485.43906
5965,768,2023,Q1,38244.639163323634,26437,11807.63916
5966,768,2023,Q1,31412.06908698676,24897,6515.069087
5976,769,2023,Q1,27718.550868865277,21329,6389.550869
5977,769,2023,Q1,41569.63913127638,37052,4517.639131
5978,769,2023,Q1,40534.788670904745,23126,17408.78867
5988,770,2023,Q1,46511.114584922616,31000,15511.11458
5989,770,2023,Q1,17881.849939537766,,
5990,770,2023,Q1,19091.881999327554,,
6000,771,2023,Q1,16679.172053908456,,
6001,771,2023,Q1,19509.071185625755,,
6002,771,2023,Q1,28139.184192549474,20954,7185.184193
6012,772,2023,Q1,36147.28159656355,34999,1148.281597
6013,772,2023,Q1,21479.551721879747,20652,827.5517219
6014,772,2023,Q1,40074.793396835026,30227,9847.793397
6024,773,2023,Q1,11223.56331625487,,
6025,773,2023,Q1,30573.124241740163,20838,9735.124242
6026,773,2023,Q1,17333.48212803975,,
6036,774,2023,Q1,32732.514485409814,27627,5105.514485
6037,774,2023,Q1,27814.73015050899,27698,116.7301505
6038,774,2023,Q1,20097.70984,20027,70.70984
6048,775,2023,Q1,25577.32101993142,22849,2728.32102
6049,775,2023,Q1,42618.46141910374,33341,9277.461419
6050,775,2023,Q1,49203.51150467134,37739,11464.5115
6060,776,2023,Q1,22626.973754588824,20359,2267.973755
6061,776,2023,Q1,20321.00119373678,20211,110.0011937
6062,776,2023,Q1,26543.207794205722,22242,4301.207794
6072,778,2023,Q1,44724.31256300376,39796,4928.312563
6073,778,2023,Q1,18981.03384485204,,
6073,778,2023,Q1,18981.03384485204,,
6074,778,2023,Q1,46707.39498221669,21120,25587.39498
6074,778,2023,Q1,46707.39498221669,32282,14425.39498
6084,779,2023,Q1,23031.025391642164,21652,1379.025392
6085,779,2023,Q1,17862.183504272398,,
6086,779,2023,Q1,33838.176811862046,31975,1863.176812
5211,698,2023,Q2,16228.24618762786,,
5212,698,2023,Q2,28944.742332559134,22890,6054.742333
5213,698,2023,Q2,32207.225284333108,26941,5266.225284
5223,699,2023,Q2,11937.841681249063,,
5224,699,2023,Q2,18439.737257518354,,
5225,699,2023,Q2,13783.515687466563,,
5235,701,2023,Q2,29765.092358338836,24848,4917.092358
5236,701,2023,Q2,29588.88299331675,28065,1523.882993
5237,701,2023,Q2,19601.400564031777,,
5247,702,2023,Q2,38586.03537228562,31703,6883.035372
5248,702,2023,Q2,40768.98482809072,38577,2191.984828
5249,702,2023,Q2,18791.10503851915,,
5259,703,2023,Q2,39371.953764859514,36534,2837.953765
5260,703,2023,Q2,34475.840216261306,22863,11612.84022
5261,703,2023,Q2,22410.22709135177,20485,1925.227091
5271,704,2023,Q2,43905.78889335655,21357,22548.78889
5272,704,2023,Q2,33539.14539766498,29559,3980.145398
5273,704,2023,Q2,26926.89055190904,22920,4006.890552
5283,705,2023,Q2,39786.09195178331,20908,18878.09195
5284,705,2023,Q2,14567.153203497364,,
5285,705,2023,Q2,29799.401682163985,22052,7747.401682
5295,706,2023,Q2,47478.637865195284,20505,26973.63787
5296,706,2023,Q2,42089.05421081555,27316,14773.05421
5297,706,2023,Q2,17001.94210364024,,
5307,707,2023,Q2,22960.565565372137,20142,2818.565565
5308,707,2023,Q2,24591.00746542714,21884,2707.007465
5309,707,2023,Q2,20155.363261804963,20002,153.3632618
5319,708,2023,Q2,30551.005813665597,29144,1407.005814
5320,708,2023,Q2,20846.06147706369,20117,729.0614771
5321,708,2023,Q2,47192.61872222637,21023,26169.61872
5331,710,2023,Q2,30125.521851398255,20497,9628.521851
5332,710,2023,Q2,23597.27382577314,23585,12.27382577
5333,710,2023,Q2,19710.802205863678,,
5343,711,2023,Q2,42484.164336679416,40880,1604.164337
5344,711,2023,Q2,23985.976915662617,21262,2723.976916
5345,711,2023,Q2,35611.40963409294,27969,7642.409634
5355,712,2023,Q2,39449.08530294409,31368,8081.085303
5356,712,2023,Q2,15672.645439905715,,
5357,712,2023,Q2,28701.882022358364,23771,4930.882022
5367,713,2023,Q2,39233.03761235488,22503,16730.03761
5368,713,2023,Q2,31272.904268115064,27607,3665.904268
5369,713,2023,Q2,40119.71662122755,39622,497.7166212
5379,714,2023,Q2,36070.40517357085,20502,15568.40517
5380,714,2023,Q2,21739.46072956494,21634,105.4607296
5381,714,2023,Q2,43233.21695027251,39107,4126.21695
5391,715,2023,Q2,35431.61252130635,26899,8532.612521
5392,715,2023,Q2,27423.065911987116,22885,4538.065912
5393,715,2023,Q2,16426.340717546118,,
5403,716,2023,Q2,11110.398513418342,,
5404,716,2023,Q2,49535.195638227684,28232,21303.19564
5405,716,2023,Q2,37196.10102,35806,1390.10102
5415,718,2023,Q2,17919.931791848125,,
5416,718,2023,Q2,47993.597133476535,28159,19834.59713
5417,718,2023,Q2,19454.50687522992,,
5427,719,2023,Q2,39723.06037162182,33457,6266.060372
5428,719,2023,Q2,38367.00666897767,20998,17369.00667
5429,719,2023,Q2,21336.800900767543,21173,163.8009008
5439,720,2023,Q2,20263.312302083803,20115,148.3123021
5440,720,2023,Q2,38447.027100762934,37685,762.0271008
5441,720,2023,Q2,40635.66092202231,27627,13008.66092
5451,721,2023,Q2,25887.031685346235,20630,5257.031685
5452,721,2023,Q2,27067.717619479114,26991,76.71761948
5453,721,2023,Q2,21869.171020650265,21666,203.1710207
5463,722,2023,Q2,23976.31709004037,22133,1843.31709
5464,722,2023,Q2,27745.92309708006,26869,876.9230971
5465,722,2023,Q2,15166.169634039463,,
5475,723,2023,Q2,23589.78592603167,23242,347.785926
5476,723,2023,Q2,42917.687385650206,23695,19222.68739
5477,723,2023,Q2,23120.12087906536,20231,2889.120879
5487,724,2023,Q2,21831.837989575415,21264,567.8379896
5488,724,2023,Q2,11347.806093485686,,
5489,724,2023,Q2,28604.44057741239,20524,8080.440577
5499,725,2023,Q2,44985.04131071557,21609,23376.04131
5500,725,2023,Q2,28721.00411662267,24011,4710.004117
5501,725,2023,Q2,49034.382216202685,40671,8363.382216
5511,726,2023,Q2,29524.619436696656,24146,5378.619437
5512,726,2023,Q2,33288.414538873054,29241,4047.414539
5513,726,2023,Q2,39147.309032481346,38861,286.3090325
5523,727,2023,Q2,45180.67829002276,24771,20409.67829
5524,727,2023,Q2,46883.24635602159,45382,1501.246356
5525,727,2023,Q2,20988.644950157373,20530,458.6449502
5535,728,2023,Q2,23719.191426676247,20800,2919.191427
5536,728,2023,Q2,17000.139751697156,,
5537,728,2023,Q2,31670.79699155162,28243,3427.796992
5547,729,2023,Q2,12110.396124753917,,
5548,729,2023,Q2,32751.098077815343,31184,1567.098078
5549,729,2023,Q2,14241.132014009036,,
5559,730,2023,Q2,37792.932394839125,32313,5479.932395
5560,730,2023,Q2,30521.945981945064,30142,379.9459819
5561,730,2023,Q2,28311.693762458668,23542,4769.693762
5571,731,2023,Q2,20739.747584608165,20235,504.7475846
5572,731,2023,Q2,25922.17210029885,22050,3872.1721
5573,731,2023,Q2,23886.636566031564,20036,3850.636566
5583,732,2023,Q2,20010.74325103171,20003,7.743251032
5584,732,2023,Q2,36094.24463630786,32836,3258.244636
5585,732,2023,Q2,14293.021646475088,,
5595,733,2023,Q2,40825.670438049354,28634,12191.67044
5596,733,2023,Q2,32957.49973783796,28947,4010.499738
5597,733,2023,Q2,38078.769729435706,36336,1742.769729
5607,734,2023,Q2,15867.121648307206,,
5608,734,2023,Q2,18498.51903177302,,
5609,734,2023,Q2,19478.679952337265,,
5619,735,2023,Q2,19347.110272405946,,
5620,735,2023,Q2,23492.245289636558,20750,2742.24529
5621,735,2023,Q2,14500.189812518798,,
5631,736,2023,Q2,29216.844277126896,25611,3605.844277
5632,736,2023,Q2,34847.12256944476,27399,7448.122569
5633,736,2023,Q2,10290.971954653432,,
5643,737,2023,Q2,26863.351375767885,20291,6572.351376
5644,737,2023,Q2,28466.47135229483,25921,2545.471352
5645,737,2023,Q2,25724.036707127223,20990,4734.036707
5655,738,2023,Q2,28036.12934665148,26385,1651.129347
5656,738,2023,Q2,12929.302662021293,,
5657,738,2023,Q2,30148.71617826053,20960,9188.716178
5667,739,2023,Q2,26973.38749933389,21596,5377.387499
5668,739,2023,Q2,41096.19108044886,35309,5787.19108
5669,739,2023,Q2,24517.736165671824,24194,323.7361657
5679,740,2023,Q2,36812.16200656994,34414,2398.162007
5680,740,2023,Q2,10129.88563994464,,
5681,740,2023,Q2,14129.144353049998,,
5691,741,2023,Q2,24135.63309238065,20531,3604.633092
5692,741,2023,Q2,36953.70197000023,30005,6948.70197
5693,741,2023,Q2,40363.44693534987,33111,7252.446935
5703,742,2023,Q2,44715.89977661222,39961,4754.899777
5704,742,2023,Q2,23167.826550092323,20185,2982.82655
5705,742,2023,Q2,47052.991498493444,45535,1517.991498
5715,743,2023,Q2,48865.241586866636,33741,15124.24159
5716,743,2023,Q2,21017.71628,20268,749.71628
5717,743,2023,Q2,42279.11383686232,23065,19214.11384
5727,744,2023,Q2,35470.01286630647,26188,9282.012866
5728,744,2023,Q2,40272.28153503047,20131,20141.28154
5729,744,2023,Q2,37993.43991463129,28741,9252.439915
5739,745,2023,Q2,45894.51632887734,26271,19623.51633
5740,745,2023,Q2,45920.895549428955,22573,23347.89555
5741,745,2023,Q2,10254.634646165992,,
5751,746,2023,Q2,32648.146897449627,27689,4959.146897
5752,746,2023,Q2,33740.52975554262,22777,10963.52976
5753,746,2023,Q2,42840.00933432182,42521,319.0093343
5763,747,2023,Q2,12927.174104655604,,
5764,747,2023,Q2,15450.92623826713,,
5765,747,2023,Q2,36454.06190900643,34123,2331.061909
5775,749,2023,Q2,38145.52380439469,36705,1440.523804
5776,749,2023,Q2,11743.189268272434,,
5777,749,2023,Q2,36826.06695203397,28407,8419.066952
5787,750,2023,Q2,37181.11491453803,27152,10029.11491
5788,750,2023,Q2,31704.145285801864,25774,5930.145286
5789,750,2023,Q2,23663.769231647115,20179,3484.769232
5799,751,2023,Q2,45990.60349750858,26737,19253.6035
5800,751,2023,Q2,33804.79789,25558,8246.79789
5801,751,2023,Q2,49956.44671765589,35361,14595.44672
5811,752,2023,Q2,43119.30263712291,36759,6360.302637
5812,752,2023,Q2,17847.760201533725,,
5813,752,2023,Q2,48691.69802611294,30869,17822.69803
5823,753,2023,Q2,44292.21120985392,22756,21536.21121
5824,753,2023,Q2,47869.602305749795,37467,10402.60231
5825,753,2023,Q2,48134.48226411465,41445,6689.482264
5835,754,2023,Q2,34518.34830299528,21777,12741.3483
5836,754,2023,Q2,13745.293308191413,,
5837,754,2023,Q2,26311.59284626949,22011,4300.592846
5847,755,2023,Q2,42912.223224059475,40045,2867.223224
5848,755,2023,Q2,39570.515611792805,39500,70.51561179
5849,755,2023,Q2,37693.85381495494,22397,15296.85381
5859,756,2023,Q2,42562.26650974251,20767,21795.26651
5860,756,2023,Q2,48366.08244349772,23588,24778.08244
5861,756,2023,Q2,43679.20919,40521,3158.20919
5871,760,2023,Q2,13782.842212032596,,
5872,760,2023,Q2,47535.24543092358,43508,4027.245431
5873,760,2023,Q2,39980.21598678224,21096,18884.21599
5883,761,2023,Q2,45096.73542147755,41890,3206.735421
5884,761,2023,Q2,34850.81120080767,20300,14550.8112
5885,761,2023,Q2,29014.22905827423,22364,6650.229058
5895,762,2023,Q2,38420.17663782155,27992,10428.17664
5896,762,2023,Q2,30514.162239276327,20755,9759.162239
5897,762,2023,Q2,38416.72126692411,20196,18220.72127
5907,763,2023,Q2,42851.16996670006,28481,14370.16997
5908,763,2023,Q2,44569.31976288814,21442,23127.31976
5909,763,2023,Q2,31449.59018391194,30996,453.5901839
5919,764,2023,Q2,21034.939325831707,20330,704.9393258
5920,764,2023,Q2,39270.35949150766,37940,1330.359492
5921,764,2023,Q2,47714.52957,46829,885.52957
5931,765,2023,Q2,48380.551153357876,45112,3268.551153
5932,765,2023,Q2,26375.003221625702,22147,4228.003222
5933,765,2023,Q2,44837.55362036523,27475,17362.55362
5943,766,2023,Q2,28519.69877572634,23650,4869.698776
5944,766,2023,Q2,10756.014845175987,,
5945,766,2023,Q2,49682.71851618305,47166,2516.718516
5955,767,2023,Q2,10741.4405,,
5956,767,2023,Q2,13985.00995038606,,
5957,767,2023,Q2,39610.23212307084,20420,19190.23212
5967,768,2023,Q2,42321.302884368866,21932,20389.30288
5968,768,2023,Q2,26796.93876115078,21220,5576.938761
5969,768,2023,Q2,46811.11603077249,41581,5230.116031
5979,769,2023,Q2,29276.189142475487,28580,696.1891425
5980,769,2023,Q2,19499.05193810763,,
5981,769,2023,Q2,26024.12103434759,22680,3344.121034
5991,770,2023,Q2,20456.04866929444,20280,176.0486693
5992,770,2023,Q2,42921.355632389146,38816,4105.355632
5993,770,2023,Q2,12811.590147063407,,
6003,771,2023,Q2,13061.160511705893,,
6004,771,2023,Q2,13665.594224904431,,
6005,771,2023,Q2,34184.87505674426,30807,3377.875057
6015,772,2023,Q2,42503.14019415838,21046,21457.14019
6016,772,2023,Q2,25259.734578192343,22606,2653.734578
6017,772,2023,Q2,12561.393262340576,,
6027,773,2023,Q2,39950.32656068625,23482,16468.32656
6028,773,2023,Q2,28274.556582779016,24790,3484.556583
6029,773,2023,Q2,33224.22698962019,32412,812.2269896
6039,774,2023,Q2,11832.549497917078,,
6040,774,2023,Q2,40267.02642641887,40084,183.0264264
6041,774,2023,Q2,37628.322706591425,20663,16965.32271
6051,775,2023,Q2,40555.821588106526,34066,6489.821588
6052,775,2023,Q2,34273.83481350452,27605,6668.834814
6053,775,2023,Q2,10462.596319418784,,
6063,776,2023,Q2,42223.84451404416,27286,14937.84451
6064,776,2023,Q2,43453.42131785698,40634,2819.421318
6065,776,2023,Q2,31235.20973886226,20825,10410.20974
6075,778,2023,Q2,45589.07756972331,41691,3898.07757
6075,778,2023,Q2,45589.07756972331,33030,12559.07757
6076,778,2023,Q2,40791.78216117407,23858,16933.78216
6076,778,2023,Q2,40791.78216117407,27633,13158.78216
6077,778,2023,Q2,49557.942844657795,46991,2566.942845
6077,778,2023,Q2,49557.942844657795,42373,7184.942845
6087,779,2023,Q2,43057.88288965032,41408,1649.88289
6088,779,2023,Q2,47590.25039,45850,1740.25039
6089,779,2023,Q2,12797.868322964505,,
6090,779,2023,Q3,33296.871143784665,22307,10989.87114
6091,779,2023,Q3,35886.110918009916,33290,2596.110918
6092,779,2023,Q3,45103.21849637397,43927,1176.218496
9,3,2023,Q4,48541.31764770352,44320,4221.317648
10,3,2023,Q4,43246.71937932212,41880,1366.719379
11,3,2023,Q4,49545.46826673529,47753,1792.468267
21,5,2023,Q4,43351.72277980788,23494,19857.72278
22,5,2023,Q4,26059.74213400897,21207,4852.742134
23,5,2023,Q4,15551.77601734711,,
33,6,2023,Q4,21808.431765976624,21566,242.431766
34,6,2023,Q4,13775.363858701288,,
35,6,2023,Q4,24351.879717764215,20101,4250.879718
45,7,2023,Q4,25541.507482903027,20643,4898.507483
46,7,2023,Q4,30053.164082129195,20670,9383.164082
47,7,2023,Q4,34763.65078971685,20928,13835.65079
57,8,2023,Q4,40966.72453608792,35020,5946.724536
58,8,2023,Q4,26783.612567379736,22242,4541.612567
59,8,2023,Q4,15700.243382446173,,
69,9,2023,Q4,35611.39262525347,30500,5111.392625
70,9,2023,Q4,14589.212996532824,,
71,9,2023,Q4,29301.33731989298,20146,9155.33732
81,11,2023,Q4,20307.844304576945,20123,184.8443046
82,11,2023,Q4,24000.981535918818,20591,3409.981536
83,11,2023,Q4,25116.543082550845,20563,4553.543083
93,13,2023,Q4,15496.742241313535,,
94,13,2023,Q4,39855.29554025416,34161,5694.29554
95,13,2023,Q4,39545.63171970175,37415,2130.63172
105,14,2023,Q4,18861.15809383832,,
106,14,2023,Q4,24566.921978583385,24209,357.9219786
107,14,2023,Q4,33946.47818,21664,12282.47818
117,15,2023,Q4,38624.57228049004,36742,1882.57228
118,15,2023,Q4,42492.32748647195,28036,14456.32749
119,15,2023,Q4,39679.006516848516,34248,5431.006517
129,16,2023,Q4,12687.096693172016,,
130,16,2023,Q4,29762.31832180464,23609,6153.318322
131,16,2023,Q4,24218.191199779638,21959,2259.1912
141,17,2023,Q4,25529.825166312745,21534,3995.825166
142,17,2023,Q4,11793.86812218211,,
143,17,2023,Q4,20534.18542576796,20369,165.1854258
153,18,2023,Q4,41714.35919010153,26856,14858.35919
154,18,2023,Q4,18343.680127519678,,
155,18,2023,Q4,16837.809298435528,,
165,19,2023,Q4,42896.89258236541,21689,21207.89258
166,19,2023,Q4,42541.70950588281,20514,22027.70951
167,19,2023,Q4,26657.213330955972,22354,4303.213331
177,20,2023,Q4,40776.60089407124,29553,11223.60089
178,20,2023,Q4,19575.626983164915,,
179,20,2023,Q4,36744.99692018873,28943,7801.99692
189,21,2023,Q4,20986.105984865848,20224,762.1059849
190,21,2023,Q4,37421.72732812785,34871,2550.727328
191,21,2023,Q4,26764.69972776727,25028,1736.699728
201,22,2023,Q4,38055.374140948115,26738,11317.37414
202,22,2023,Q4,38206.45418619858,27618,10588.45419
203,22,2023,Q4,25635.676293571807,24120,1515.676294
213,23,2023,Q4,49222.977512566096,46347,2875.977513
214,23,2023,Q4,43642.765776287226,23310,20332.76578
215,23,2023,Q4,19444.467210497423,,
225,24,2023,Q4,38916.15737,33835,5081.15737
226,24,2023,Q4,44105.33574064685,27222,16883.33574
227,24,2023,Q4,21508.10258,20898,610.10258
6102,24,2023,Q4,38916.15737,37786,1130.15737
6103,24,2023,Q4,44105.33574064685,40056,4049.335741
237,25,2023,Q4,35851.95064101352,34330,1521.950641
238,25,2023,Q4,29825.960823573125,27178,2647.960824
239,25,2023,Q4,30714.691899405276,26408,4306.691899
249,26,2023,Q4,48069.935720571986,29481,18588.93572
250,26,2023,Q4,38678.76161486383,37246,1432.761615
251,26,2023,Q4,45840.54048090278,21229,24611.54048
261,27,2023,Q4,25824.75580205074,24223,1601.755802
262,27,2023,Q4,26185.024541483574,25316,869.0245415
263,27,2023,Q4,30498.980600873372,28344,2154.980601
273,28,2023,Q4,39907.603332380284,31897,8010.603332
274,28,2023,Q4,41003.91549,40222,781.91549
275,28,2023,Q4,22891.600616002434,20350,2541.600616
285,29,2023,Q4,22441.017810323785,22234,207.0178103
286,29,2023,Q4,33524.991948342824,26175,7349.991948
287,29,2023,Q4,41464.706011185786,27748,13716.70601
297,30,2023,Q4,26037.018703038084,22631,3406.018703
298,30,2023,Q4,23409.172547481303,20953,2456.172547
299,30,2023,Q4,27348.270853398997,20100,7248.270853
309,31,2023,Q4,22737.536084369174,22643,94.53608437
310,31,2023,Q4,20489.48251855345,20366,123.4825186
311,31,2023,Q4,22424.652754946037,21160,1264.652755
321,32,2023,Q4,46052.529619389745,45100,952.5296194
322,32,2023,Q4,29627.577958499205,27617,2010.577958
323,32,2023,Q4,33719.519335396006,33500,219.5193354
333,33,2023,Q4,32083.22781515734,30546,1537.227815
334,33,2023,Q4,30328.42350547819,28731,1597.423505
335,33,2023,Q4,12947.633492014977,,
345,34,2023,Q4,19425.764372553225,,
346,34,2023,Q4,36269.47076870704,30095,6174.470769
347,34,2023,Q4,33931.87774409243,33465,466.8777441
357,35,2023,Q4,49677.76490996238,20423,29254.76491
358,35,2023,Q4,13072.739098060465,,
359,35,2023,Q4,40785.71123778209,37923,2862.711238
369,36,2023,Q4,47986.75456766165,44934,3052.754568
370,36,2023,Q4,25781.20185481092,23423,2358.201855
371,36,2023,Q4,32376.355621419076,20024,12352.35562
381,37,2023,Q4,30077.178991955047,21558,8519.178992
382,37,2023,Q4,17685.414233043684,,
383,37,2023,Q4,41600.40899955381,33479,8121.409
393,38,2023,Q4,16972.75660171722,,
394,38,2023,Q4,38328.70811907196,23033,15295.70812
395,38,2023,Q4,32346.02323979858,24643,7703.02324
405,39,2023,Q4,25666.824635016426,23336,2330.824635
406,39,2023,Q4,17587.251450891617,,
407,39,2023,Q4,40439.617858877624,25705,14734.61786
417,40,2023,Q4,41952.62641035461,36084,5868.62641
418,40,2023,Q4,46025.45733294196,34114,11911.45733
419,40,2023,Q4,19276.211747504287,,
429,41,2023,Q4,36809.85658744061,21163,15646.85659
430,41,2023,Q4,46690.73862195979,38978,7712.738622
431,41,2023,Q4,17459.898000778994,,
441,42,2023,Q4,10282.915262525179,,
442,42,2023,Q4,46827.34429765105,44863,1964.344298
443,42,2023,Q4,26645.874610873918,20969,5676.874611
453,43,2023,Q4,31525.580174369952,25245,6280.580174
454,43,2023,Q4,27977.08044530263,21489,6488.080445
455,43,2023,Q4,37396.16340744788,30276,7120.163407
465,44,2023,Q4,17054.88162432325,,
466,44,2023,Q4,14355.773585526644,,
467,44,2023,Q4,14963.14552403073,,
477,45,2023,Q4,43918.53393784335,42635,1283.533938
478,45,2023,Q4,24218.27231915505,23710,508.2723192
479,45,2023,Q4,14665.207389778776,,
489,46,2023,Q4,29981.95808515177,29832,149.9580852
490,46,2023,Q4,15755.921331655367,,
491,46,2023,Q4,15307.152520109821,,
501,47,2023,Q4,49252.851270373416,30589,18663.85127
502,47,2023,Q4,11287.907275470794,,
503,47,2023,Q4,34415.824101493854,22118,12297.8241
513,48,2023,Q4,26590.623843683086,24786,1804.623844
514,48,2023,Q4,13892.06554610276,,
515,48,2023,Q4,48662.96783823198,20908,27754.96784
525,49,2023,Q4,46586.42378069459,22067,24519.42378
526,49,2023,Q4,30537.58649218662,25980,4557.586492
527,49,2023,Q4,10026.691918614632,,
537,50,2023,Q4,26192.836812184418,23477,2715.836812
538,50,2023,Q4,37807.29164754706,22135,15672.29165
539,50,2023,Q4,34994.894516519606,24947,10047.89452
549,51,2023,Q4,27795.12945395486,27346,449.129454
550,51,2023,Q4,17991.50219560817,,
551,51,2023,Q4,48422.139045363394,24062,24360.13905
561,52,2023,Q4,15639.970091463714,,
562,52,2023,Q4,45523.96604117711,43478,2045.966041
563,52,2023,Q4,22641.124050878258,22390,251.1240509
573,53,2023,Q4,15497.398709076817,,
574,53,2023,Q4,22394.76455,20737,1657.76455
575,53,2023,Q4,14278.449536212473,,
585,54,2023,Q4,15499.482898110731,,
586,54,2023,Q4,42666.56501208403,33693,8973.565012
587,54,2023,Q4,10312.02636218627,,
597,55,2023,Q4,30952.64148846461,26317,4635.641488
598,55,2023,Q4,14235.35427551244,,
599,55,2023,Q4,27922.166311194094,24880,3042.166311
609,56,2023,Q4,31190.77946025992,29100,2090.77946
610,56,2023,Q4,34640.90223661982,33227,1413.902237
611,56,2023,Q4,11713.300201765198,,
621,57,2023,Q4,38123.71601696998,37749,374.716017
622,57,2023,Q4,14717.514484905574,,
623,57,2023,Q4,45316.598615799005,43029,2287.598616
633,58,2023,Q4,19215.66348618052,,
634,58,2023,Q4,22913.508662438744,22889,24.50866244
635,58,2023,Q4,46249.08071386094,35745,10504.08071
645,59,2023,Q4,10254.962123395215,,
646,59,2023,Q4,47966.19288729703,20827,27139.19289
647,59,2023,Q4,42248.76768422086,38066,4182.767684
657,60,2023,Q4,35377.65117085875,23796,11581.65117
658,60,2023,Q4,25416.58294907773,23470,1946.582949
659,60,2023,Q4,28177.26010668427,26028,2149.260107
669,61,2023,Q4,28543.123930771882,27931,612.1239308
670,61,2023,Q4,16452.417988189125,,
671,61,2023,Q4,33776.41596558752,28811,4965.415966
681,62,2023,Q4,39443.056609563486,31832,7611.05661
682,62,2023,Q4,32985.107485455126,26593,6392.107485
683,62,2023,Q4,36949.88000144533,36686,263.8800014
693,63,2023,Q4,10481.183811975154,,
694,63,2023,Q4,34175.71149,33314,861.71149
695,63,2023,Q4,41056.427287634324,32434,8622.427288
705,64,2023,Q4,17434.921797452593,,
706,64,2023,Q4,25270.579285061875,23964,1306.579285
707,64,2023,Q4,44815.85344043586,21117,23698.85344
717,65,2023,Q4,38655.24656581301,33051,5604.246566
718,65,2023,Q4,42065.68432663989,39070,2995.684327
719,65,2023,Q4,45358.66151818252,36579,8779.661518
729,66,2023,Q4,42657.8843,22543,20114.8843
730,66,2023,Q4,38253.53592877227,27436,10817.53593
731,66,2023,Q4,42196.058259257385,30425,11771.05826
741,67,2023,Q4,16726.73338782066,,
742,67,2023,Q4,42645.95957837564,28506,14139.95958
743,67,2023,Q4,33088.90109494912,29512,3576.901095
753,68,2023,Q4,36674.27283806297,30641,6033.272838
754,68,2023,Q4,40570.232851585446,32975,7595.232852
755,68,2023,Q4,39803.72556069092,35368,4435.725561
765,69,2023,Q4,39592.232062164345,24624,14968.23206
766,69,2023,Q4,32916.669107940164,29783,3133.669108
767,69,2023,Q4,46437.92091426659,41808,4629.920914
777,70,2023,Q4,17092.757508118902,,
778,70,2023,Q4,24768.51035,21731,3037.51035
779,70,2023,Q4,17334.376848863565,,
789,71,2023,Q4,39886.00008930429,37841,2045.000089
790,71,2023,Q4,32109.713852868263,27199,4910.713853
791,71,2023,Q4,39749.53803531481,31704,8045.538035
801,72,2023,Q4,31011.057645432837,21873,9138.057645
802,72,2023,Q4,46678.596786386806,44221,2457.596786
803,72,2023,Q4,24905.471838671852,21922,2983.471839
813,73,2023,Q4,31098.554115730734,26638,4460.554116
814,73,2023,Q4,28538.920720886126,23146,5392.920721
815,73,2023,Q4,39096.31264183273,36425,2671.312642
825,74,2023,Q4,28001.389904096202,24672,3329.389904
826,74,2023,Q4,10240.422802920706,,
827,74,2023,Q4,27010.348886454743,23341,3669.348886
837,75,2023,Q4,48692.30742840895,46754,1938.307428
838,75,2023,Q4,20522.116066713515,20462,60.11606671
839,75,2023,Q4,46980.562426914505,26798,20182.56243
849,76,2023,Q4,40786.14942821681,38087,2699.149428
850,76,2023,Q4,33228.96767502495,21874,11354.96768
851,76,2023,Q4,16897.478959043336,,
861,77,2023,Q4,17326.677161460982,,
862,77,2023,Q4,17947.187221817963,,
863,77,2023,Q4,20505.694925927564,20179,326.6949259
873,78,2023,Q4,47994.116651972894,47266,728.116652
874,78,2023,Q4,37323.38945488965,37072,251.3894549
875,78,2023,Q4,15193.783521315658,,
885,79,2023,Q4,16586.70298,,
886,79,2023,Q4,32138.079017393156,28303,3835.079017
887,79,2023,Q4,42875.75624814672,35208,7667.756248
897,80,2023,Q4,47713.58702701956,40997,6716.587027
898,80,2023,Q4,32783.74847147119,24243,8540.748471
899,80,2023,Q4,44582.56240963478,29652,14930.56241
909,81,2023,Q4,32985.55703992007,28301,4684.55704
910,81,2023,Q4,10105.51503670161,,
911,81,2023,Q4,11618.938812292145,,
921,82,2023,Q4,34018.41572,30838,3180.41572
922,82,2023,Q4,35643.081227600356,20508,15135.08123
923,82,2023,Q4,21102.504292259255,20039,1063.504292
933,83,2023,Q4,12351.834470745971,,
934,83,2023,Q4,29784.875943235806,26035,3749.875943
935,83,2023,Q4,44280.95395808065,36128,8152.953958
945,84,2023,Q4,46875.50058028041,22938,23937.50058
946,84,2023,Q4,17125.905537363524,,
947,84,2023,Q4,31878.937554747365,26138,5740.937555
957,85,2023,Q4,27150.562951737447,24909,2241.562952
958,85,2023,Q4,41310.34351033481,24970,16340.34351
959,85,2023,Q4,33376.80930395519,31595,1781.809304
969,86,2023,Q4,29357.732719319043,21954,7403.732719
970,86,2023,Q4,31697.993170742237,20894,10803.99317
971,86,2023,Q4,12330.882077129558,,
981,87,2023,Q4,24718.402237130736,24013,705.4022371
982,87,2023,Q4,23173.748878586848,22882,291.7488786
983,87,2023,Q4,36616.21122428127,29503,7113.211224
993,88,2023,Q4,16977.52596,,
994,88,2023,Q4,13481.662361180224,,
995,88,2023,Q4,21595.456743201015,20088,1507.456743
1005,89,2023,Q4,11078.866002911303,,
1006,89,2023,Q4,31300.075341999294,24052,7248.075342
1007,89,2023,Q4,43772.64124506834,35244,8528.641245
1017,90,2023,Q4,31216.10693194327,23886,7330.106932
1018,90,2023,Q4,20927.975540117965,20348,579.9755401
1019,90,2023,Q4,27894.538096547876,24969,2925.538097
1029,92,2023,Q4,39846.970686746805,34194,5652.970687
1030,92,2023,Q4,11352.48794089677,,
1031,92,2023,Q4,40177.17017786262,33789,6388.170178
1041,93,2023,Q4,14028.150344700081,,
1042,93,2023,Q4,39375.28617512615,29158,10217.28618
1043,93,2023,Q4,49819.920538524384,48072,1747.920539
1053,94,2023,Q4,36047.38143456682,29057,6990.381435
1054,94,2023,Q4,37171.306920909854,33991,3180.306921
1055,94,2023,Q4,32966.850956544775,30865,2101.850957
1065,95,2023,Q4,12218.04454019192,,
1066,95,2023,Q4,24041.726858952214,21262,2779.726859
1067,95,2023,Q4,34618.87025644141,27537,7081.870256
1077,96,2023,Q4,31803.839456926653,21376,10427.83946
1078,96,2023,Q4,10357.946514877967,,
1079,96,2023,Q4,12539.062357523871,,
1089,97,2023,Q4,38985.949615351805,21014,17971.94962
1090,97,2023,Q4,11627.348345772962,,
1091,97,2023,Q4,30236.373016548827,30010,226.3730165
1101,98,2023,Q4,23675.558267223372,23445,230.5582672
1102,98,2023,Q4,31683.06194,26734,4949.06194
1103,98,2023,Q4,47645.166151121746,46908,737.1661511
1113,99,2023,Q4,39801.8881,22466,17335.8881
1114,99,2023,Q4,23315.937479225497,21001,2314.937479
1115,99,2023,Q4,38314.692472518174,21763,16551.69247
1125,100,2023,Q4,40754.95786083714,28300,12454.95786
1126,100,2023,Q4,49938.93382015959,46848,3090.93382
1127,100,2023,Q4,34935.45228635594,34401,534.4522864
1137,101,2023,Q4,24508.558070463812,23264,1244.55807
1138,101,2023,Q4,35815.04424765232,35059,756.0442477
1139,101,2023,Q4,25830.34489508548,21032,4798.344895
1149,102,2023,Q4,37962.02100045646,37257,705.0210005
1150,102,2023,Q4,46005.57979627423,31719,14286.5798
1151,102,2023,Q4,46835.68082285834,45000,1835.680823
1161,103,2023,Q4,20620.741018297824,20399,221.7410183
1162,103,2023,Q4,33932.69840428143,28669,5263.698404
1163,103,2023,Q4,16027.70707188403,,
1173,104,2023,Q4,45932.74303,22872,23060.74303
1174,104,2023,Q4,15552.632680783983,,
1175,104,2023,Q4,39361.263299940605,26894,12467.2633
1185,105,2023,Q4,21079.98910051913,20564,515.9891005
1186,105,2023,Q4,35074.517486549055,32120,2954.517487
1187,105,2023,Q4,12031.257852534938,,
1197,106,2023,Q4,11753.988656431131,,
1198,106,2023,Q4,45128.31652698189,41320,3808.316527
1199,106,2023,Q4,15311.601180898768,,
1209,107,2023,Q4,48071.807479495095,34994,13077.80748
1210,107,2023,Q4,24997.035208338217,24795,202.0352083
1211,107,2023,Q4,21272.25150333142,21235,37.25150333
1221,108,2023,Q4,49902.169991460716,34719,15183.16999
1222,108,2023,Q4,27824.726322575687,23678,4146.726323
1223,108,2023,Q4,28817.769320112064,26527,2290.76932
1233,109,2023,Q4,11476.179652246716,,
1234,109,2023,Q4,21259.385389562278,20767,492.3853896
1235,109,2023,Q4,20085.535810984802,20019,66.53581098
1245,110,2023,Q4,26587.792459797838,25797,790.7924598
1246,110,2023,Q4,21071.699568673954,20041,1030.699569
1247,110,2023,Q4,29375.903700541145,22101,7274.903701
1257,111,2023,Q4,29258.81230415747,22882,6376.812304
1258,111,2023,Q4,10778.623326009894,,
1259,111,2023,Q4,17213.65627421774,,
1269,112,2023,Q4,28482.47209868968,21356,7126.472099
1270,112,2023,Q4,35282.41940805095,30734,4548.419408
1271,112,2023,Q4,49398.77649859428,22483,26915.7765
1281,113,2023,Q4,20807.28039793558,20115,692.2803979
1282,113,2023,Q4,41774.90454058809,35612,6162.904541
1283,113,2023,Q4,32502.212845164508,26314,6188.212845
1293,114,2023,Q4,28294.132291222853,28199,95.13229122
1294,114,2023,Q4,43987.625854240934,42514,1473.625854
1295,114,2023,Q4,40402.81083,20915,19487.81083
1305,115,2023,Q4,28125.04558752411,25926,2199.045588
1306,115,2023,Q4,21174.54094187226,21156,18.54094187
1307,115,2023,Q4,42305.75461418036,32767,9538.754614
1317,116,2023,Q4,16270.876345138015,,
1318,116,2023,Q4,43866.68034142633,35258,8608.680341
1319,116,2023,Q4,24184.844803387852,20000,4184.844803
1329,117,2023,Q4,32507.198474158038,23794,8713.198474
1330,117,2023,Q4,33421.501064037046,22461,10960.50106
1331,117,2023,Q4,22827.587914239004,20768,2059.587914
1341,118,2023,Q4,46012.81110020957,26255,19757.8111
1342,118,2023,Q4,39368.88546017489,37023,2345.88546
1343,118,2023,Q4,35008.58948665567,28078,6930.589487
1353,119,2023,Q4,18337.068665494622,,
1354,119,2023,Q4,36283.81504762652,33030,3253.815048
1355,119,2023,Q4,46530.94371921013,37378,9152.943719
1365,120,2023,Q4,38274.853503182014,31890,6384.853503
1366,120,2023,Q4,21781.82418531867,20845,936.8241853
1367,120,2023,Q4,19038.09199,,
1377,121,2023,Q4,14561.405158683263,,
1378,121,2023,Q4,23868.343417281267,21396,2472.343417
1379,121,2023,Q4,39774.59553837724,31449,8325.595538
1389,122,2023,Q4,41276.47858869507,40684,592.4785887
1390,122,2023,Q4,16503.239828826456,,
1391,122,2023,Q4,23058.23717318368,21871,1187.237173
1401,123,2023,Q4,11265.448060313265,,
1402,123,2023,Q4,47699.300095697094,33670,14029.3001
1403,123,2023,Q4,44619.05793955287,23551,21068.05794
1413,124,2023,Q4,22980.557797904137,21964,1016.557798
1414,124,2023,Q4,33266.779020482834,24826,8440.77902
1415,124,2023,Q4,46933.4776,43670,3263.4776
1425,125,2023,Q4,48521.237107948524,31453,17068.23711
1426,125,2023,Q4,25461.643227645545,21979,3482.643228
1427,125,2023,Q4,11117.736439964667,,
1437,126,2023,Q4,15467.05232894523,,
1438,126,2023,Q4,43691.89911721928,27787,15904.89912
1439,126,2023,Q4,22042.84131358874,21548,494.8413136
1449,127,2023,Q4,49750.38743924749,41599,8151.387439
1450,127,2023,Q4,43108.37182914274,23801,19307.37183
1451,127,2023,Q4,44486.42128711277,43460,1026.421287
1461,128,2023,Q4,22332.39945986866,21787,545.3994599
1462,128,2023,Q4,42391.179340699266,35775,6616.179341
1463,128,2023,Q4,29974.920538231774,22851,7123.920538
1473,129,2023,Q4,42908.62355809218,36238,6670.623558
1474,129,2023,Q4,31444.029619810346,24221,7223.02962
1475,129,2023,Q4,17043.03422838392,,
1485,130,2023,Q4,32159.098382048694,26648,5511.098382
1486,130,2023,Q4,16010.86131942867,,
1487,130,2023,Q4,43561.20880921559,37956,5605.208809
1497,131,2023,Q4,41228.85299358685,30189,11039.85299
1498,131,2023,Q4,39237.81115811992,30627,8610.811158
1499,131,2023,Q4,13882.22645387204,,
1509,132,2023,Q4,31003.015610787294,20651,10352.01561
1510,132,2023,Q4,43051.76615,42834,217.76615
1511,132,2023,Q4,21004.62415181524,20365,639.6241518
1521,133,2023,Q4,14282.422306965615,,
1522,133,2023,Q4,28551.045585505846,24433,4118.045586
1523,133,2023,Q4,20311.73175527301,20099,212.7317553
1533,134,2023,Q4,30376.33006027329,26456,3920.33006
1534,134,2023,Q4,32391.327330606127,23840,8551.327331
1535,134,2023,Q4,14883.625627543312,,
1545,135,2023,Q4,36643.12444338329,33087,3556.124443
1546,135,2023,Q4,13374.414818045128,,
1547,135,2023,Q4,48730.808231379684,30840,17890.80823
1557,136,2023,Q4,37363.69601798298,33185,4178.696018
1558,136,2023,Q4,27407.89250976762,22964,4443.89251
1559,136,2023,Q4,18180.777207238443,,
1569,137,2023,Q4,43818.17206489008,36045,7773.172065
1570,137,2023,Q4,32598.12362464862,25508,7090.123625
1571,137,2023,Q4,18855.39231382325,,
1581,138,2023,Q4,34800.438003044124,27409,7391.438003
1582,138,2023,Q4,49827.87372,35466,14361.87372
1583,138,2023,Q4,32126.75027674158,31288,838.7502767
1593,139,2023,Q4,43691.11955623177,30981,12710.11956
1594,139,2023,Q4,45379.08550689364,35718,9661.085507
1595,139,2023,Q4,29360.849240137828,26207,3153.84924
1605,140,2023,Q4,17032.64822472338,,
1606,140,2023,Q4,11283.779676458287,,
1607,140,2023,Q4,31550.099785298342,22499,9051.099785
1617,141,2023,Q4,28055.720813107702,23306,4749.720813
1618,141,2023,Q4,16801.743087155486,,
1619,141,2023,Q4,16407.01109903379,,
1629,142,2023,Q4,42101.93121319075,34977,7124.931213
1630,142,2023,Q4,21607.91823,20989,618.91823
1631,142,2023,Q4,19762.590278747077,,
1641,143,2023,Q4,34999.26644983235,27342,7657.26645
1642,143,2023,Q4,33813.38083853112,26884,6929.380839
1643,143,2023,Q4,48795.75564282789,20000,28795.75564
1653,144,2023,Q4,13104.826872288853,,
1654,144,2023,Q4,15275.163661625793,,
1655,144,2023,Q4,10286.655651066776,,
1665,145,2023,Q4,46484.73500494613,43259,3225.735005
1666,145,2023,Q4,42247.759678880815,27504,14743.75968
1667,145,2023,Q4,13011.537922644333,,
1677,146,2023,Q4,38291.51133,32780,5511.51133
1678,146,2023,Q4,47657.14739547283,33384,14273.1474
1679,146,2023,Q4,36950.646899730105,23412,13538.6469
1689,147,2023,Q4,25517.883280744398,21965,3552.883281
1690,147,2023,Q4,10746.01537,,
1691,147,2023,Q4,33633.20847,24273,9360.20847
1701,148,2023,Q4,11716.212944843244,,
1702,148,2023,Q4,21005.671798281073,20324,681.6717983
1703,148,2023,Q4,22459.716576271167,21886,573.7165763
1713,149,2023,Q4,22768.53689148281,21946,822.5368915
1714,149,2023,Q4,30960.527224470126,22361,8599.527224
1715,149,2023,Q4,17213.232023415105,,
1725,150,2023,Q4,31400.52163917887,22234,9166.521639
1726,150,2023,Q4,18947.629170422988,,
1727,150,2023,Q4,31808.488909038813,21198,10610.48891
1737,151,2023,Q4,22023.97579820397,20166,1857.975798
1738,151,2023,Q4,49202.65572303579,26584,22618.65572
1739,151,2023,Q4,29366.034506231248,24835,4531.034506
1749,152,2023,Q4,40887.66896968351,37725,3162.66897
1750,152,2023,Q4,40208.89345969583,30591,9617.89346
1751,152,2023,Q4,15568.283458631526,,
1761,153,2023,Q4,18172.760920864428,,
1762,153,2023,Q4,20137.042050356726,20033,104.0420504
1763,153,2023,Q4,15619.556671923456,,
1773,154,2023,Q4,44274.857480837934,24933,19341.85748
1774,154,2023,Q4,49675.25975136433,48140,1535.259751
1775,154,2023,Q4,24349.391658511144,23670,679.3916585
1785,155,2023,Q4,24554.002386922817,20007,4547.002387
1786,155,2023,Q4,30162.45423122992,28136,2026.454231
1787,155,2023,Q4,12538.128037522416,,
1797,156,2023,Q4,48119.549914176976,29312,18807.54991
1798,156,2023,Q4,23800.309175899903,21019,2781.309176
1799,156,2023,Q4,44267.46249903032,43965,302.462499
1809,157,2023,Q4,12498.837855498514,,
1810,157,2023,Q4,37421.35475170109,30744,6677.354752
1811,157,2023,Q4,35657.881343199726,20294,15363.88134
1821,158,2023,Q4,28798.46633,22319,6479.46633
1822,158,2023,Q4,27975.763780165507,20871,7104.76378
1823,158,2023,Q4,13779.027504385635,,
1833,159,2023,Q4,24603.48449478603,20676,3927.484495
1834,159,2023,Q4,33061.77174651894,25946,7115.771747
1835,159,2023,Q4,22834.294290438444,20164,2670.29429
1845,160,2023,Q4,10531.452762147224,,
1846,160,2023,Q4,11382.590270393634,,
1847,160,2023,Q4,30936.13128,26918,4018.13128
1857,162,2023,Q4,12783.492714132753,,
1858,162,2023,Q4,25156.277774474205,21388,3768.277774
1859,162,2023,Q4,12547.932623044744,,
1869,163,2023,Q4,37291.51701315084,28518,8773.517013
1870,163,2023,Q4,44053.61984279735,27680,16373.61984
1871,163,2023,Q4,41377.94713646376,39960,1417.947136
1881,164,2023,Q4,15743.532629986312,,
1882,164,2023,Q4,13310.4304,,
1883,164,2023,Q4,12657.123895586095,,
1893,165,2023,Q4,29354.960518591055,20200,9154.960519
1894,165,2023,Q4,29707.125225232547,28811,896.1252252
1895,165,2023,Q4,10580.884954113311,,
1905,166,2023,Q4,38108.315411210206,36649,1459.315411
1906,166,2023,Q4,49002.70455103766,41897,7105.704551
1907,166,2023,Q4,41154.87781705129,39216,1938.877817
1917,167,2023,Q4,34296.24602963119,27744,6552.24603
1918,167,2023,Q4,38944.771953528776,23250,15694.77195
1919,167,2023,Q4,43526.332213903515,32175,11351.33221
1929,170,2023,Q4,40781.438276841116,35411,5370.438277
1930,170,2023,Q4,17676.089584575446,,
1931,170,2023,Q4,30144.75682411069,23889,6255.756824
1941,171,2023,Q4,41912.313092534736,38787,3125.313093
1942,171,2023,Q4,41065.840860432436,35448,5617.84086
1943,171,2023,Q4,22335.18173424543,21232,1103.181734
1953,172,2023,Q4,14652.391836523107,,
1954,172,2023,Q4,49955.89643188312,46847,3108.896432
1955,172,2023,Q4,35050.96268567208,20482,14568.96269
1965,173,2023,Q4,21199.725860524548,20310,889.7258605
1966,173,2023,Q4,44729.12446466117,29729,15000.12446
1967,173,2023,Q4,10826.767681491796,,
1977,174,2023,Q4,41041.93775489157,32230,8811.937755
1978,174,2023,Q4,39889.97598622598,24977,14912.97599
1979,174,2023,Q4,33589.29561089934,26111,7478.295611
1989,175,2023,Q4,15377.99440031352,,
1990,175,2023,Q4,49737.480999549756,48858,879.4809995
1991,175,2023,Q4,21716.008757339434,21695,21.00875734
2001,176,2023,Q4,28349.74716529844,26560,1789.747165
2002,176,2023,Q4,35075.710522754394,30270,4805.710523
2003,176,2023,Q4,22680.473588897417,21304,1376.473589
2013,177,2023,Q4,16487.198701376976,,
2014,177,2023,Q4,13077.298451187782,,
2015,177,2023,Q4,36324.26281880297,23820,12504.26282
2025,178,2023,Q4,33237.56194550938,20041,13196.56195
2026,178,2023,Q4,38455.49146856196,22947,15508.49147
2027,178,2023,Q4,29152.181858098018,21818,7334.181858
2037,179,2023,Q4,13859.42148025073,,
2038,179,2023,Q4,30176.20750386184,20570,9606.207504
2039,179,2023,Q4,26051.200286743137,22783,3268.200287
2049,180,2023,Q4,17040.547677011724,,
2050,180,2023,Q4,37117.40693025036,30620,6497.40693
2051,180,2023,Q4,36292.05554483904,24343,11949.05554
2061,181,2023,Q4,26490.62892318685,24441,2049.628923
2062,181,2023,Q4,25668.975193190625,23887,1781.975193
2063,181,2023,Q4,29668.242338611628,25481,4187.242339
2073,182,2023,Q4,24719.60352631987,22368,2351.603526
2074,182,2023,Q4,17769.378592006018,,
2075,182,2023,Q4,47684.45627612176,36040,11644.45628
2085,183,2023,Q4,15982.902083014476,,
2086,183,2023,Q4,43392.25088534601,22673,20719.25089
2087,183,2023,Q4,45850.218382250765,28999,16851.21838
2097,184,2023,Q4,33146.55959610554,23620,9526.559596
2098,184,2023,Q4,28772.447716409304,28675,97.44771641
2099,184,2023,Q4,11108.662468075443,,
2109,185,2023,Q4,42051.46894021634,20360,21691.46894
2110,185,2023,Q4,44307.225208503296,36976,7331.225209
2111,185,2023,Q4,37407.270752628436,35553,1854.270753
2121,186,2023,Q4,23464.776727234137,20436,3028.776727
2122,186,2023,Q4,28119.692116826638,21143,6976.692117
2123,186,2023,Q4,10220.637855504643,,
2133,187,2023,Q4,20302.26930155773,20104,198.2693016
2134,187,2023,Q4,38423.34738524937,26543,11880.34739
2135,187,2023,Q4,39228.00365360969,32882,6346.003654
2145,188,2023,Q4,42529.65692313701,35815,6714.656923
2146,188,2023,Q4,36583.67638533442,26809,9774.676385
2147,188,2023,Q4,46536.949491300744,36059,10477.94949
2157,189,2023,Q4,25471.274587940647,21519,3952.274588
2158,189,2023,Q4,29525.333290754163,25813,3712.333291
2159,189,2023,Q4,17699.310454015267,,
2169,190,2023,Q4,12411.538912226359,,
2170,190,2023,Q4,44456.90336904251,28857,15599.90337
2171,190,2023,Q4,48163.314838449376,32952,15211.31484
2181,191,2023,Q4,19942.322031989734,,
2182,191,2023,Q4,30301.28582237573,20660,9641.285822
2183,191,2023,Q4,28771.61957527362,21075,7696.619575
2193,192,2023,Q4,39794.816259541054,39243,551.8162595
2194,192,2023,Q4,34008.04898556292,22198,11810.04899
2195,192,2023,Q4,47739.723325491395,30807,16932.72333
2205,193,2023,Q4,40180.076348393726,36199,3981.076348
2206,193,2023,Q4,23334.05283411774,21176,2158.052834
2207,193,2023,Q4,15496.286676188125,,
2217,194,2023,Q4,34903.97167044236,25847,9056.97167
2218,194,2023,Q4,43973.57606447243,20677,23296.57606
2219,194,2023,Q4,49070.43764064366,35018,14052.43764
2229,195,2023,Q4,45777.02522673841,30819,14958.02523
2230,195,2023,Q4,47050.13658690575,37647,9403.136587
2231,195,2023,Q4,29764.50326023411,22235,7529.50326
2241,196,2023,Q4,21558.785664296593,21519,39.7856643
2242,196,2023,Q4,42843.01705663328,34692,8151.017057
2243,196,2023,Q4,37632.11604423177,32847,4785.116044
2253,197,2023,Q4,13755.549652218817,,
2254,197,2023,Q4,21393.41006674206,20784,609.4100667
2255,197,2023,Q4,25175.574761156342,20064,5111.574761
2265,198,2023,Q4,40536.723698958194,29358,11178.7237
2266,198,2023,Q4,26748.483126250583,20419,6329.483126
2267,198,2023,Q4,32521.25660532363,27343,5178.256605
2277,199,2023,Q4,11264.601854155459,,
2278,199,2023,Q4,48772.02242306018,30191,18581.02242
2279,199,2023,Q4,49658.10375320228,38940,10718.10375
2289,200,2023,Q4,29817.62819738334,26958,2859.628197
2290,200,2023,Q4,17726.226770672256,,
2291,200,2023,Q4,11008.519251964155,,
2301,201,2023,Q4,32007.536538327313,31725,282.5365383
2302,201,2023,Q4,21146.932261975606,20621,525.932262
2303,201,2023,Q4,30601.633736382064,22625,7976.633736
2313,202,2023,Q4,45811.67928340469,37469,8342.679283
2314,202,2023,Q4,20090.768268840926,20001,89.76826884
2315,202,2023,Q4,22836.408772034047,20913,1923.408772
2325,203,2023,Q4,11162.557989880577,,
2326,203,2023,Q4,38115.47140360296,21271,16844.4714
2327,203,2023,Q4,19191.140105327315,,
2337,204,2023,Q4,38672.971395414206,21024,17648.9714
2338,204,2023,Q4,37773.513616767115,23952,13821.51362
2339,204,2023,Q4,49435.22942717274,38169,11266.22943
2349,205,2023,Q4,33847.11698,26969,6878.11698
2350,205,2023,Q4,13696.287501699724,,
2351,205,2023,Q4,10661.955190287284,,
2361,206,2023,Q4,41356.03406499101,31651,9705.034065
2362,206,2023,Q4,12523.347735123774,,
2363,206,2023,Q4,41115.81054049524,27583,13532.81054
2373,207,2023,Q4,42214.28737393512,35191,7023.287374
2374,207,2023,Q4,28076.530631848414,24202,3874.530632
2375,207,2023,Q4,45542.2704,23900,21642.2704
2385,208,2023,Q4,34549.27694,28605,5944.27694
2386,208,2023,Q4,26182.018344308162,26156,26.01834431
2387,208,2023,Q4,47770.12272,39078,8692.12272
2397,209,2023,Q4,49293.24026,21874,27419.24026
2398,209,2023,Q4,14160.572921623476,,
2399,209,2023,Q4,30886.666893516067,23066,7820.666894
2409,210,2023,Q4,44211.812677610935,20857,23354.81268
2410,210,2023,Q4,10284.662707604677,,
2411,210,2023,Q4,14565.709570670542,,
2421,211,2023,Q4,47647.30163141556,41557,6090.301631
2422,211,2023,Q4,28307.23220929067,25424,2883.232209
2423,211,2023,Q4,49337.65453,31991,17346.65453
2433,212,2023,Q4,21640.515621862673,20501,1139.515622
2434,212,2023,Q4,29593.916923604647,23700,5893.916924
2435,212,2023,Q4,48301.28883319963,44375,3926.288833
2445,213,2023,Q4,48188.24423,27152,21036.24423
2446,213,2023,Q4,24050.638772192244,22442,1608.638772
2447,213,2023,Q4,35070.66416758031,26975,8095.664168
2457,214,2023,Q4,22148.358288668434,20625,1523.358289
2458,214,2023,Q4,19546.736550070258,,
2459,214,2023,Q4,34591.68201585625,29467,5124.682016
2469,215,2023,Q4,17327.30503053344,,
2470,215,2023,Q4,42987.10986784926,30572,12415.10987
2471,215,2023,Q4,14991.74082512146,,
2481,216,2023,Q4,11383.290987300184,,
2482,216,2023,Q4,43809.50899248043,40397,3412.508992
2483,216,2023,Q4,40879.825083626965,26624,14255.82508
2493,217,2023,Q4,33542.02778482347,28724,4818.027785
2494,217,2023,Q4,25218.527921900546,21764,3454.527922
2495,217,2023,Q4,45846.54628687614,43921,1925.546287
2505,218,2023,Q4,48663.88356270971,24622,24041.88356
2506,218,2023,Q4,36823.76203585681,28600,8223.762036
2507,218,2023,Q4,11861.708013967673,,
2517,219,2023,Q4,28917.81997416687,25318,3599.819974
2518,219,2023,Q4,29716.64151316534,28975,741.6415132
2519,219,2023,Q4,45326.30999665709,23989,21337.31
2529,220,2023,Q4,13712.599360984928,,
2530,220,2023,Q4,26605.418142700997,24836,1769.418143
2531,220,2023,Q4,15897.326817437483,,
2541,221,2023,Q4,29387.33129418569,25401,3986.331294
2542,221,2023,Q4,27494.05162742555,25710,1784.051627
2543,221,2023,Q4,10664.647144922683,,
2553,222,2023,Q4,19135.114414618758,,
2554,222,2023,Q4,48480.021341057865,46424,2056.021341
2555,222,2023,Q4,28827.895543730385,27054,1773.895544
2565,223,2023,Q4,20957.427482132345,20053,904.4274821
2566,223,2023,Q4,24613.18731873604,20581,4032.187319
2567,223,2023,Q4,30084.261990801577,22148,7936.261991
2577,224,2023,Q4,42530.96212146761,42502,28.96212147
2578,224,2023,Q4,32061.876808237645,31462,599.8768082
2579,224,2023,Q4,14356.386039997447,,
2589,225,2023,Q4,39699.95803919993,21194,18505.95804
2590,225,2023,Q4,34873.55327,30511,4362.55327
2591,225,2023,Q4,17747.17364359475,,
2601,230,2023,Q4,22340.794951636944,22107,233.7949516
2602,230,2023,Q4,47091.84708085083,24201,22890.84708
2603,230,2023,Q4,48838.79779,28015,20823.79779
2613,231,2023,Q4,44504.72627479679,22754,21750.72627
2614,231,2023,Q4,25757.470146737636,24366,1391.470147
2615,231,2023,Q4,23185.299069987097,22460,725.29907
2625,232,2023,Q4,42819.82731,38820,3999.82731
2626,232,2023,Q4,49724.61316946807,40324,9400.613169
2627,232,2023,Q4,20570.127998896656,20338,232.1279989
2637,233,2023,Q4,34050.58290758992,31426,2624.582908
2638,233,2023,Q4,28060.059990924958,24240,3820.059991
2639,233,2023,Q4,44531.672838324346,26141,18390.67284
2649,234,2023,Q4,46244.74240091025,23060,23184.7424
2650,234,2023,Q4,45626.67313144226,24320,21306.67313
2651,234,2023,Q4,45781.46206381869,22220,23561.46206
2661,235,2023,Q4,44707.16105059177,37848,6859.161051
2662,235,2023,Q4,37904.398662236126,29920,7984.398662
2663,235,2023,Q4,25780.301678550488,20772,5008.301679
2673,236,2023,Q4,34273.91643048592,23357,10916.91643
2674,236,2023,Q4,44502.10463958608,32410,12092.10464
2675,236,2023,Q4,27172.261826105787,24956,2216.261826
2685,237,2023,Q4,27305.91418476075,23532,3773.914185
2686,237,2023,Q4,13905.74573806258,,
2687,237,2023,Q4,17653.777833712884,,
2697,239,2023,Q4,33224.837908203604,21227,11997.83791
2698,239,2023,Q4,17588.465804791813,,
2699,239,2023,Q4,14994.50716313365,,
2709,240,2023,Q4,27483.46623456236,20748,6735.466235
2710,240,2023,Q4,34611.60981405125,21430,13181.60981
2711,240,2023,Q4,45207.891243045575,43968,1239.891243
2721,241,2023,Q4,40113.12930259864,21499,18614.1293
2722,241,2023,Q4,11990.411747015596,,
2723,241,2023,Q4,11193.491645861839,,
2733,243,2023,Q4,24633.381671082898,23452,1181.381671
2734,243,2023,Q4,44603.025593794635,26596,18007.02559
2735,243,2023,Q4,49229.41615406749,30949,18280.41615
2745,244,2023,Q4,21989.89823183389,21595,394.8982318
2746,244,2023,Q4,47613.94071284325,20424,27189.94071
2747,244,2023,Q4,33779.0073,27390,6389.0073
2757,245,2023,Q4,30613.906202944734,23609,7004.906203
2758,245,2023,Q4,48555.91267699369,25781,22774.91268
2759,245,2023,Q4,17856.21838035337,,
2769,246,2023,Q4,20424.945846625407,20214,210.9458466
2770,246,2023,Q4,47692.160338745336,44413,3279.160339
2771,246,2023,Q4,17485.247762203486,,
2781,247,2023,Q4,19517.371389999542,,
2782,247,2023,Q4,25286.491622827976,21710,3576.491623
2783,247,2023,Q4,16306.97885239869,,
2793,248,2023,Q4,28933.547670606706,20316,8617.547671
2794,248,2023,Q4,40657.93662405798,32778,7879.936624
2795,248,2023,Q4,32919.034098323085,25296,7623.034098
2805,249,2023,Q4,30825.858608209473,20253,10572.85861
2806,249,2023,Q4,48766.021304653266,38142,10624.0213
2807,249,2023,Q4,45089.320179148584,30396,14693.32018
2817,250,2023,Q4,30829.278867139128,22031,8798.278867
2818,250,2023,Q4,48860.58419469131,40741,8119.584195
2819,250,2023,Q4,44053.437497602965,33656,10397.4375
2829,251,2023,Q4,33874.04446602987,27088,6786.044466
2830,251,2023,Q4,49692.48950988101,35045,14647.48951
2831,251,2023,Q4,45444.055683436614,20546,24898.05568
2841,253,2023,Q4,17075.38886769062,,
2842,253,2023,Q4,42016.73224099675,20469,21547.73224
2843,253,2023,Q4,39105.06537507867,22404,16701.06538
2853,254,2023,Q4,15638.746685035909,,
2854,254,2023,Q4,48083.63845469353,38077,10006.63845
2855,254,2023,Q4,22382.405719830196,21133,1249.40572
2865,258,2023,Q4,45722.384561613246,40891,4831.384562
2866,258,2023,Q4,14190.878758955403,,
2867,258,2023,Q4,32941.40116709074,21838,11103.40117
2877,270,2023,Q4,41436.82933312202,34699,6737.829333
2878,270,2023,Q4,39243.15192139489,26182,13061.15192
2879,270,2023,Q4,21075.319058830646,20922,153.3190588
2889,280,2023,Q4,19094.852960950375,,
2890,280,2023,Q4,33019.803419786826,26382,6637.80342
2891,280,2023,Q4,16085.165193483619,,
2901,281,2023,Q4,27469.70159067029,27050,419.7015907
2902,281,2023,Q4,18424.938675109835,,
2903,281,2023,Q4,27481.189686895268,20245,7236.189687
2913,282,2023,Q4,26604.925569068713,21842,4762.925569
2914,282,2023,Q4,44162.81725,36622,7540.81725
2915,282,2023,Q4,40236.726959675885,38930,1306.72696
2925,283,2023,Q4,16349.461702974448,,
2926,283,2023,Q4,17065.087908466077,,
2927,283,2023,Q4,13200.126970277344,,
2937,284,2023,Q4,29031.191565394995,24527,4504.191565
2938,284,2023,Q4,36073.02581983303,22325,13748.02582
2939,284,2023,Q4,14338.516110660912,,
2949,300,2023,Q4,34048.89821313474,23015,11033.89821
2950,300,2023,Q4,18571.50905704336,,
2951,300,2023,Q4,45193.046853644235,28733,16460.04685
2961,301,2023,Q4,42651.41561,29540,13111.41561
2962,301,2023,Q4,47867.01679764323,39192,8675.016798
2963,301,2023,Q4,45499.948950006394,20713,24786.94895
2973,302,2023,Q4,26182.693869983676,20990,5192.69387
2974,302,2023,Q4,40078.11664245777,22564,17514.11664
2975,302,2023,Q4,48879.76053408602,30036,18843.76053
2985,303,2023,Q4,19097.278258175185,,
2986,303,2023,Q4,41987.486911743435,41967,20.48691174
2987,303,2023,Q4,37726.57263413185,23152,14574.57263
2997,304,2023,Q4,28781.04104873653,24606,4175.041049
2998,304,2023,Q4,25340.58178613909,24280,1060.581786
2999,304,2023,Q4,11577.615496297149,,
3009,305,2023,Q4,25570.280209567507,20181,5389.28021
3010,305,2023,Q4,23235.860818335612,21186,2049.860818
3011,305,2023,Q4,12399.963882219436,,
3021,306,2023,Q4,46128.88023602137,32442,13686.88024
3022,306,2023,Q4,18544.533107414707,,
3023,306,2023,Q4,17525.70752313512,,
3033,310,2023,Q4,24662.93579950761,21555,3107.9358
3034,310,2023,Q4,40717.010715281125,22986,17731.01072
3035,310,2023,Q4,36969.61220491401,36915,54.61220491
3045,350,2023,Q4,28849.295173541326,23067,5782.295174
3046,350,2023,Q4,20557.39152156701,20350,207.3915216
3047,350,2023,Q4,25588.480709230607,20843,4745.480709
3057,351,2023,Q4,38010.02253673936,38000,10.02253674
3058,351,2023,Q4,36970.31982441679,25380,11590.31982
3059,351,2023,Q4,42017.56372455103,27196,14821.56372
3069,352,2023,Q4,46013.556926798934,33587,12426.55693
3070,352,2023,Q4,19254.72431716178,,
3071,352,2023,Q4,11181.562785940598,,
3081,360,2023,Q4,16540.869282336535,,
3082,360,2023,Q4,34114.83109294652,30921,3193.831093
3083,360,2023,Q4,42134.46678837709,39663,2471.466788
3093,361,2023,Q4,37978.44356058321,34908,3070.443561
3094,361,2023,Q4,22708.168907502175,21733,975.1689075
3095,361,2023,Q4,23531.70170185717,21201,2330.701702
3105,400,2023,Q4,33869.158058236884,24916,8953.158058
3106,400,2023,Q4,23075.954539120285,22719,356.9545391
3107,400,2023,Q4,23018.60293750568,22337,681.6029375
3117,401,2023,Q4,41889.937878544864,30950,10939.93788
3118,401,2023,Q4,24584.077601998666,20269,4315.077602
3119,401,2023,Q4,28336.616443144558,23940,4396.616443
3129,402,2023,Q4,47114.01017762122,39842,7272.010178
3130,402,2023,Q4,42614.34066524614,28323,14291.34067
3131,402,2023,Q4,39306.84057846866,24087,15219.84058
3141,403,2023,Q4,29093.957431836167,27239,1854.957432
3142,403,2023,Q4,38972.129606484326,37886,1086.129606
3143,403,2023,Q4,31181.359944878317,30773,408.3599449
3153,404,2023,Q4,19461.47982748145,,
3154,404,2023,Q4,29959.11757329775,26374,3585.117573
3155,404,2023,Q4,11889.506919020394,,
3165,405,2023,Q4,27737.818856193288,21673,6064.818856
3166,405,2023,Q4,24403.90060665675,22167,2236.900607
3167,405,2023,Q4,35384.37242829226,26650,8734.372428
3177,406,2023,Q4,35612.695448229984,33752,1860.695448
3178,406,2023,Q4,45966.64014918444,23612,22354.64015
3179,406,2023,Q4,18064.31523431953,,
3189,407,2023,Q4,18155.011499261807,,
3190,407,2023,Q4,47056.027480716024,34407,12649.02748
3191,407,2023,Q4,47128.688737369135,25365,21763.68874
3201,408,2023,Q4,22850.372908161702,22119,731.3729082
3202,408,2023,Q4,31287.94101,21171,10116.94101
3203,408,2023,Q4,28688.09829,24357,4331.09829
3213,426,2023,Q4,19288.63732134349,,
3214,426,2023,Q4,20299.975355240804,20282,17.97535524
3215,426,2023,Q4,38343.70520891405,37644,699.7052089
3225,427,2023,Q4,45776.052554845744,39518,6258.052555
3226,427,2023,Q4,36053.23923339975,21756,14297.23923
3227,427,2023,Q4,38292.91062181047,21456,16836.91062
3237,428,2023,Q4,44567.89135391591,39899,4668.891354
3238,428,2023,Q4,40411.696403986585,37953,2458.696404
3239,428,2023,Q4,35472.14025222554,34446,1026.140252
3249,429,2023,Q4,40987.92674746157,32051,8936.926747
3250,429,2023,Q4,32878.191964491445,27820,5058.191964
3251,429,2023,Q4,44854.35136,27008,17846.35136
3261,431,2023,Q4,16423.21759036211,,
3262,431,2023,Q4,27735.14202264222,20171,7564.142023
3263,431,2023,Q4,34455.22516888018,29843,4612.225169
3273,451,2023,Q4,14405.976712213385,,
3274,451,2023,Q4,28889.237555877375,25188,3701.237556
3275,451,2023,Q4,34712.920831361145,27781,6931.920831
3285,452,2023,Q4,44301.37080322661,43656,645.3708032
3286,452,2023,Q4,19839.915851458838,,
3287,452,2023,Q4,18862.516441067884,,
3297,453,2023,Q4,10220.76519626125,,
3298,453,2023,Q4,39010.29156362831,37335,1675.291564
3299,453,2023,Q4,29104.06554289688,21572,7532.065543
3309,454,2023,Q4,19647.56187702586,,
3310,454,2023,Q4,35004.69134311176,29570,5434.691343
3311,454,2023,Q4,24320.550026616904,23479,841.5500266
3321,455,2023,Q4,17477.535210480833,,
3322,455,2023,Q4,33591.399025094346,31159,2432.399025
3323,455,2023,Q4,27322.61974,26759,563.61974
3333,460,2023,Q4,23269.516540799443,22203,1066.516541
3334,460,2023,Q4,32895.19264583051,24248,8647.192646
3335,460,2023,Q4,49393.23399142502,33853,15540.23399
3345,461,2023,Q4,27820.947248481436,21853,5967.947248
3346,461,2023,Q4,42764.75807091548,39409,3355.758071
3347,461,2023,Q4,17265.076852723556,,
3357,501,2023,Q4,14088.353607384735,,
3358,501,2023,Q4,16920.589626088175,,
3359,501,2023,Q4,25660.790240516228,21922,3738.790241
3369,502,2023,Q4,15417.764880668208,,
3370,502,2023,Q4,28788.830501911398,25361,3427.830502
3371,502,2023,Q4,47326.22346954418,42862,4464.22347
3381,503,2023,Q4,34814.269257968976,28454,6360.269258
3382,503,2023,Q4,19531.69144144669,,
3383,503,2023,Q4,38605.72786799159,37550,1055.727868
3393,504,2023,Q4,37775.763408293016,36984,791.7634083
3394,504,2023,Q4,40943.891751014235,20728,20215.89175
3395,504,2023,Q4,28906.977856268273,26504,2402.977856
3405,505,2023,Q4,42290.58773475245,38388,3902.587735
3406,505,2023,Q4,44717.40422837683,41192,3525.404228
3407,505,2023,Q4,16842.955385985224,,
3417,506,2023,Q4,28683.37104343957,24621,4062.371043
3418,506,2023,Q4,49561.65995603828,40064,9497.659956
3419,506,2023,Q4,43020.01325360398,37024,5996.013254
3429,507,2023,Q4,47000.546255771085,21895,25105.54626
3430,507,2023,Q4,45262.42073662804,25027,20235.42074
3431,507,2023,Q4,48568.85957914306,35411,13157.85958
3441,508,2023,Q4,38096.04607080258,33851,4245.046071
3442,508,2023,Q4,47458.392009712115,32411,15047.39201
3443,508,2023,Q4,34198.21908109077,28914,5284.219081
3453,509,2023,Q4,31366.398492166983,27977,3389.398492
3454,509,2023,Q4,16574.29393487825,,
3455,509,2023,Q4,18886.32992715366,,
3465,510,2023,Q4,48344.28905224862,47390,954.2890522
3466,510,2023,Q4,46259.59587180916,28114,18145.59587
3467,510,2023,Q4,15766.990405503551,,
3477,511,2023,Q4,11454.689253119597,,
3478,511,2023,Q4,25984.786987417734,23017,2967.786987
3479,511,2023,Q4,21051.066166304467,20947,104.0661663
3489,512,2023,Q4,30986.020268704568,25243,5743.020269
3490,512,2023,Q4,35175.75574464994,27866,7309.755745
3491,512,2023,Q4,18798.16503380835,,
3501,513,2023,Q4,45945.55581034778,22514,23431.55581
3502,513,2023,Q4,18887.287909229017,,
3503,513,2023,Q4,13753.389824742115,,
3513,514,2023,Q4,36235.74887848593,35174,1061.748878
3514,514,2023,Q4,22827.22494226041,20954,1873.224942
3515,514,2023,Q4,21164.70423773843,20919,245.7042377
3525,515,2023,Q4,47899.43874497352,37702,10197.43874
3526,515,2023,Q4,45652.733174635556,43873,1779.733175
3527,515,2023,Q4,39802.20147585646,34344,5458.201476
3537,516,2023,Q4,22543.04312483042,21444,1099.043125
3538,516,2023,Q4,42386.96412169248,36699,5687.964122
3539,516,2023,Q4,24276.413093713025,21502,2774.413094
3549,517,2023,Q4,28964.26313472355,23631,5333.263135
3550,517,2023,Q4,48900.975920394354,38803,10097.97592
3551,517,2023,Q4,33888.96256022001,30048,3840.96256
3561,518,2023,Q4,35714.80806856848,34033,1681.808069
3562,518,2023,Q4,16984.80986245924,,
3563,518,2023,Q4,47299.096335430055,42229,5070.096335
3573,519,2023,Q4,45219.56750587141,37063,8156.567506
3574,519,2023,Q4,21882.397669276168,20465,1417.397669
3575,519,2023,Q4,12902.507510077861,,
3585,520,2023,Q4,23442.488907617975,22147,1295.488908
3586,520,2023,Q4,26848.723806935166,24632,2216.723807
3587,520,2023,Q4,33710.879818918154,31793,1917.879819
3597,521,2023,Q4,42082.26846117455,33553,8529.268461
3598,521,2023,Q4,34626.73762211829,32993,1633.737622
3599,521,2023,Q4,21928.540606156173,20983,945.5406062
3609,522,2023,Q4,36435.29896442605,29773,6662.298964
3610,522,2023,Q4,49764.56876615789,44392,5372.568766
3611,522,2023,Q4,34475.745043830444,34380,95.74504383
3621,523,2023,Q4,13568.445164492383,,
3622,523,2023,Q4,20585.851396584425,20452,133.8513966
3623,523,2023,Q4,39460.073102420945,26564,12896.0731
3633,524,2023,Q4,16000.754797188481,,
3634,524,2023,Q4,49635.319976144834,39600,10035.31998
3635,524,2023,Q4,38295.243045898584,27262,11033.24305
3645,525,2023,Q4,12194.326127856497,,
3646,525,2023,Q4,36480.357326061625,36477,3.357326062
3647,525,2023,Q4,13284.27605,,
3657,526,2023,Q4,35568.00350335889,34362,1206.003503
3658,526,2023,Q4,12525.189462583174,,
3659,526,2023,Q4,31639.538381327897,29944,1695.538381
3669,527,2023,Q4,22951.142743705837,22065,886.1427437
3670,527,2023,Q4,20775.26759206062,20247,528.2675921
3671,527,2023,Q4,29472.08713986638,22022,7450.08714
3681,528,2023,Q4,18759.006758298463,,
3682,528,2023,Q4,17393.913825052412,,
3683,528,2023,Q4,24579.958074490278,23446,1133.958074
3693,529,2023,Q4,38327.37740924893,32725,5602.377409
3694,529,2023,Q4,13517.662705584205,,
3695,529,2023,Q4,43128.30280133818,22701,20427.3028
3705,530,2023,Q4,10572.428461736014,,
3706,530,2023,Q4,41706.36747483774,35266,6440.367475
3707,530,2023,Q4,15074.712418562809,,
3717,531,2023,Q4,19911.24128784457,,
3718,531,2023,Q4,16412.166776016486,,
3719,531,2023,Q4,24736.572697476833,20081,4655.572697
3729,532,2023,Q4,13002.390932337225,,
3730,532,2023,Q4,18954.61206195638,,
3731,532,2023,Q4,38736.31258382498,21277,17459.31258
3741,533,2023,Q4,36295.73434447682,35636,659.7343445
3742,533,2023,Q4,27546.17527925446,23711,3835.175279
3743,533,2023,Q4,16850.338747093137,,
3753,534,2023,Q4,19760.606688584703,,
3754,534,2023,Q4,13076.845218434175,,
3755,534,2023,Q4,12921.659036906092,,
3765,535,2023,Q4,15280.169485157496,,
3766,535,2023,Q4,49545.71811,34948,14597.71811
3767,535,2023,Q4,26324.590411070665,21122,5202.590411
3777,536,2023,Q4,30856.84691,29684,1172.84691
3778,536,2023,Q4,48200.542910114986,20998,27202.54291
3779,536,2023,Q4,14318.188097565344,,
3789,537,2023,Q4,16931.56567874003,,
3790,537,2023,Q4,39105.80657778072,29292,9813.806578
3791,537,2023,Q4,18888.134973054584,,
3801,538,2023,Q4,41025.114032749014,33474,7551.114033
3802,538,2023,Q4,21040.077243978238,20578,462.077244
3803,538,2023,Q4,17465.92276149537,,
3813,539,2023,Q4,12530.22631951465,,
3814,539,2023,Q4,41479.55197666258,39267,2212.551977
3815,539,2023,Q4,17700.591222575924,,
3825,540,2023,Q4,24229.616435298274,20787,3442.616435
3826,540,2023,Q4,11132.547695450672,,
3827,540,2023,Q4,13914.691033599174,,
3837,541,2023,Q4,10703.535709789427,,
3838,541,2023,Q4,13250.374473084437,,
3839,541,2023,Q4,12019.608982471249,,
3849,542,2023,Q4,48996.93513537023,47711,1285.935135
3850,542,2023,Q4,46868.524329343534,43045,3823.524329
3851,542,2023,Q4,24459.445766893616,20128,4331.445767
3861,543,2023,Q4,43850.03337920607,23664,20186.03338
3862,543,2023,Q4,11095.422549244231,,
3863,543,2023,Q4,47471.919027579235,37198,10273.91903
3873,544,2023,Q4,17992.23057187331,,
3874,544,2023,Q4,47780.50528511983,31032,16748.50529
3875,544,2023,Q4,41708.469443917886,34330,7378.469444
3885,545,2023,Q4,14148.573122381647,,
3886,545,2023,Q4,24272.799480297443,23988,284.7994803
3887,545,2023,Q4,40376.337843670684,31437,8939.337844
3897,546,2023,Q4,19060.62496411051,,
3898,546,2023,Q4,13011.271899204636,,
3899,546,2023,Q4,18081.04973,,
3909,547,2023,Q4,26859.790925660833,24214,2645.790926
3910,547,2023,Q4,26988.733651138682,21588,5400.733651
3911,547,2023,Q4,37673.73754605728,31210,6463.737546
3921,550,2023,Q4,13119.410295830805,,
3922,550,2023,Q4,11976.80179397001,,
3923,550,2023,Q4,43996.104157338086,20248,23748.10416
3933,551,2023,Q4,21777.145964364347,20582,1195.145964
3934,551,2023,Q4,30284.50400770632,29490,794.5040077
3935,551,2023,Q4,46610.567203968254,30565,16045.5672
3945,552,2023,Q4,27848.907196730335,21850,5998.907197
3946,552,2023,Q4,27862.205771852845,20880,6982.205772
3947,552,2023,Q4,42741.82951900439,36819,5922.829519
3957,553,2023,Q4,30564.594996042517,27561,3003.594996
3958,553,2023,Q4,48687.88025937727,34746,13941.88026
3959,553,2023,Q4,48906.48711813089,32879,16027.48712
3969,554,2023,Q4,35301.954141862356,23665,11636.95414
3970,554,2023,Q4,26429.90831295724,23379,3050.908313
3971,554,2023,Q4,39262.89701130142,31195,8067.897011
3981,555,2023,Q4,17119.371238380078,,
3982,555,2023,Q4,27237.948322644002,25275,1962.948323
3983,555,2023,Q4,49954.836044837364,27263,22691.83604
3993,556,2023,Q4,24416.598738581168,21129,3287.598739
3994,556,2023,Q4,35719.177576540635,28612,7107.177577
3995,556,2023,Q4,42323.88152,37473,4850.88152
4005,557,2023,Q4,47626.28264421197,34194,13432.28264
4006,557,2023,Q4,14371.970494071364,,
4007,557,2023,Q4,20389.999120897955,20076,313.9991209
4017,558,2023,Q4,45171.49971173017,21860,23311.49971
4018,558,2023,Q4,48443.72394827904,34897,13546.72395
4019,558,2023,Q4,31877.736364282668,28907,2970.736364
4029,559,2023,Q4,38678.05284,30918,7760.05284
4030,559,2023,Q4,36264.833745334254,25953,10311.83375
4031,559,2023,Q4,31013.367129953866,21648,9365.36713
4041,560,2023,Q4,35603.15691599302,35286,317.156916
4042,560,2023,Q4,34406.856352295305,22105,12301.85635
4043,560,2023,Q4,46243.29623965547,36619,9624.29624
4053,561,2023,Q4,16753.65652840415,,
4054,561,2023,Q4,19040.877166595856,,
4055,561,2023,Q4,16171.741893239174,,
4065,562,2023,Q4,23222.25796919864,21108,2114.257969
4066,562,2023,Q4,22788.02787003597,20955,1833.02787
4067,562,2023,Q4,41267.33754151684,20088,21179.33754
4077,563,2023,Q4,25596.52051828224,25385,211.5205183
4078,563,2023,Q4,19133.51676074409,,
4079,563,2023,Q4,28243.32495462627,24826,3417.324955
4089,566,2023,Q4,34770.78886361845,29349,5421.788864
4090,566,2023,Q4,22425.624726529935,20143,2282.624727
4091,566,2023,Q4,31207.336139162417,26777,4430.336139
4101,601,2023,Q4,14282.304625930836,,
4102,601,2023,Q4,15701.31416968962,,
4103,601,2023,Q4,29219.946733631477,22179,7040.946734
4113,602,2023,Q4,38158.48002992238,28771,9387.48003
4114,602,2023,Q4,43554.019413874994,31416,12138.01941
4115,602,2023,Q4,33820.03769858343,27035,6785.037699
4125,603,2023,Q4,43834.36898441978,38332,5502.368984
4126,603,2023,Q4,19535.227775868887,,
4127,603,2023,Q4,13766.792517603137,,
4137,604,2023,Q4,48087.09921796589,28647,19440.09922
4138,604,2023,Q4,38020.575022545214,34971,3049.575023
4139,604,2023,Q4,16452.74819941354,,
4149,605,2023,Q4,19370.425202812767,,
4150,605,2023,Q4,24401.396895924976,23378,1023.396896
4151,605,2023,Q4,17619.32980341162,,
4161,606,2023,Q4,10967.040296501524,,
4162,606,2023,Q4,24007.64872805787,23453,554.6487281
4163,606,2023,Q4,49551.01867428062,24668,24883.01867
4173,607,2023,Q4,12582.543611053923,,
4174,607,2023,Q4,38327.641136628656,31291,7036.641137
4175,607,2023,Q4,43320.01211515662,29655,13665.01212
4185,608,2023,Q4,18029.733863691374,,
4186,608,2023,Q4,32318.157267600945,25201,7117.157268
4187,608,2023,Q4,23529.434207105987,22308,1221.434207
4197,609,2023,Q4,40342.22479689597,34310,6032.224797
4198,609,2023,Q4,24669.308378642774,22345,2324.308379
4199,609,2023,Q4,41814.876674691994,29768,12046.87667
4209,610,2023,Q4,44965.92086102324,20928,24037.92086
4210,610,2023,Q4,14525.32183967549,,
4211,610,2023,Q4,18723.522344836187,,
4221,611,2023,Q4,10635.19127182409,,
4222,611,2023,Q4,35926.24436042132,33149,2777.24436
4223,611,2023,Q4,29703.161254957125,23661,6042.161255
4233,612,2023,Q4,30058.529928623884,22492,7566.529929
4234,612,2023,Q4,29617.396311971635,26807,2810.396312
4235,612,2023,Q4,36180.17715424389,23285,12895.17715
4245,614,2023,Q4,22263.019615217607,20180,2083.019615
4246,614,2023,Q4,33769.460569453295,27113,6656.460569
4247,614,2023,Q4,18815.111615888098,,
4257,615,2023,Q4,43776.515384998136,35987,7789.515385
4258,615,2023,Q4,36159.13624016444,20346,15813.13624
4259,615,2023,Q4,12422.67477191595,,
4269,617,2023,Q4,48397.143022198434,34563,13834.14302
4270,617,2023,Q4,22039.556556767122,20941,1098.556557
4271,617,2023,Q4,29092.17712484136,23323,5769.177125
4281,618,2023,Q4,16363.748031317478,,
4282,618,2023,Q4,31162.661874408375,27707,3455.661874
4283,618,2023,Q4,25687.137829324285,21281,4406.137829
4293,619,2023,Q4,29416.011414884386,24767,4649.011415
4294,619,2023,Q4,44264.04195868531,36770,7494.041959
4295,619,2023,Q4,44050.44773960505,29638,14412.44774
4305,620,2023,Q4,40409.795014391806,33855,6554.795014
4306,620,2023,Q4,42159.29098595795,21617,20542.29099
4307,620,2023,Q4,18920.248170069826,,
4317,621,2023,Q4,13155.943955823708,,
4318,621,2023,Q4,17017.920035334737,,
4319,621,2023,Q4,42141.02010837548,35201,6940.020108
4329,622,2023,Q4,13507.167885929819,,
4330,622,2023,Q4,17502.281747857534,,
4331,622,2023,Q4,42643.316093940484,21655,20988.31609
4341,624,2023,Q4,32242.630722695525,29297,2945.630723
4342,624,2023,Q4,16638.79768930141,,
4343,624,2023,Q4,13485.469070951633,,
4353,625,2023,Q4,41913.99277535939,21739,20174.99278
4354,625,2023,Q4,37553.41953981363,30547,7006.41954
4355,625,2023,Q4,45145.618670535216,20199,24946.61867
4365,626,2023,Q4,25413.914981011418,24627,786.914981
4366,626,2023,Q4,44347.76907216165,28560,15787.76907
4367,626,2023,Q4,44214.25637305997,33837,10377.25637
4377,627,2023,Q4,34493.72688533816,23626,10867.72689
4378,627,2023,Q4,37182.02047,30304,6878.02047
4379,627,2023,Q4,23456.59604166609,21764,1692.596042
4389,628,2023,Q4,24330.03789672591,22263,2067.037897
4390,628,2023,Q4,20550.88683116418,20064,486.8868312
4391,628,2023,Q4,24578.368069469012,21002,3576.368069
4401,629,2023,Q4,21707.975,20514,1193.975
4402,629,2023,Q4,46588.873103463404,33348,13240.8731
4403,629,2023,Q4,41996.539100182286,22280,19716.5391
4413,630,2023,Q4,22328.86230846172,22048,280.8623085
4414,630,2023,Q4,40163.89894770007,28275,11888.89895
4415,630,2023,Q4,46986.93414445919,36207,10779.93414
4425,631,2023,Q4,29963.206639790504,20291,9672.20664
4426,631,2023,Q4,36901.83201615485,25587,11314.83202
4427,631,2023,Q4,38231.03455856105,23721,14510.03456
4437,632,2023,Q4,21789.760937072453,21509,280.7609371
4438,632,2023,Q4,28918.576404814685,27709,1209.576405
4439,632,2023,Q4,46807.33887240115,22601,24206.33887
4449,633,2023,Q4,46078.78353467215,38108,7970.783535
4450,633,2023,Q4,48679.16280698262,34440,14239.16281
4451,633,2023,Q4,28452.354790214114,23345,5107.35479
4461,634,2023,Q4,17000.53012406401,,
4462,634,2023,Q4,36949.54460787314,28233,8716.544608
4463,634,2023,Q4,37895.25117,32766,5129.25117
4473,635,2023,Q4,42017.59632952163,40690,1327.59633
4474,635,2023,Q4,25307.855700223816,22982,2325.8557
4475,635,2023,Q4,44921.906278793234,24884,20037.90628
4485,636,2023,Q4,22047.109180591186,20965,1082.109181
4486,636,2023,Q4,10101.436653000601,,
4487,636,2023,Q4,18548.378020692435,,
4497,637,2023,Q4,49606.17977562193,45092,4514.179776
4498,637,2023,Q4,11020.687377236134,,
4499,637,2023,Q4,46982.391813974486,21968,25014.39181
4509,638,2023,Q4,35190.44021214715,31982,3208.440212
4510,638,2023,Q4,25373.63665404648,22996,2377.636654
4511,638,2023,Q4,26383.44034599429,24536,1847.440346
4521,639,2023,Q4,10971.171921287267,,
4522,639,2023,Q4,45313.377997865304,36674,8639.377998
4523,639,2023,Q4,41399.635303694806,28542,12857.6353
4533,640,2023,Q4,24169.108794567277,22514,1655.108795
4534,640,2023,Q4,21765.483364264568,21359,406.4833643
4535,640,2023,Q4,21080.011676498434,20924,156.0116765
4545,641,2023,Q4,42948.148587503194,27781,15167.14859
4546,641,2023,Q4,32396.310062415043,23196,9200.310062
4547,641,2023,Q4,19520.46961884636,,
4557,642,2023,Q4,11484.061784847092,,
4558,642,2023,Q4,41513.59731393696,20246,21267.59731
4559,642,2023,Q4,16622.172191398215,,
4569,643,2023,Q4,42535.39290932595,26122,16413.39291
4570,643,2023,Q4,44216.39700021586,23057,21159.397
4571,643,2023,Q4,12895.721136272788,,
4581,644,2023,Q4,37856.67081911788,29898,7958.670819
4582,644,2023,Q4,38410.34067168146,29871,8539.340672
4583,644,2023,Q4,33218.77958,27171,6047.77958
4593,645,2023,Q4,34180.47724575972,33152,1028.477246
4594,645,2023,Q4,10463.178079977488,,
4595,645,2023,Q4,38694.57073721684,35886,2808.570737
4605,646,2023,Q4,23569.242665860063,21141,2428.242666
4606,646,2023,Q4,27754.523464268215,23405,4349.523464
4607,646,2023,Q4,10608.610919756831,,
4617,647,2023,Q4,10911.923506861312,,
4618,647,2023,Q4,49243.84234045378,28310,20933.84234
4619,647,2023,Q4,46531.131860816444,42805,3726.131861
4629,648,2023,Q4,43417.16718,28061,15356.16718
4630,648,2023,Q4,35245.39624852958,27998,7247.396249
4631,648,2023,Q4,48279.91536200454,23279,25000.91536
4641,649,2023,Q4,27036.729054020296,21364,5672.729054
4642,649,2023,Q4,49491.96071482074,43075,6416.960715
4643,649,2023,Q4,36526.384863448606,21465,15061.38486
4653,650,2023,Q4,30492.658016584257,27542,2950.658017
4654,650,2023,Q4,37245.726303641175,36813,432.7263036
4655,650,2023,Q4,21746.76362669737,21702,44.7636267
4665,651,2023,Q4,32237.16260348327,21661,10576.1626
4666,651,2023,Q4,22406.97126964816,21928,478.9712696
4667,651,2023,Q4,48542.31219769894,22845,25697.3122
4677,652,2023,Q4,24945.82591828436,23625,1320.825918
4678,652,2023,Q4,10590.629146310905,,
4679,652,2023,Q4,34736.30230078619,30982,3754.302301
4689,653,2023,Q4,37379.774439213674,22857,14522.77444
4690,653,2023,Q4,10184.008301909202,,
4691,653,2023,Q4,38980.61124797606,20398,18582.61125
4701,654,2023,Q4,14704.05894,,
4702,654,2023,Q4,17204.132833680873,,
4703,654,2023,Q4,29310.83433128757,20233,9077.834331
4713,655,2023,Q4,26399.500493300304,22823,3576.500493
4714,655,2023,Q4,46915.786482834585,35828,11087.78648
4715,655,2023,Q4,46455.139118220526,43643,2812.139118
4725,656,2023,Q4,46742.39362700141,42111,4631.393627
4726,656,2023,Q4,11326.99238074391,,
4727,656,2023,Q4,38123.891182800755,23698,14425.89118
4737,657,2023,Q4,47474.31081079207,44953,2521.310811
4738,657,2023,Q4,42082.95109376499,32219,9863.951094
4739,657,2023,Q4,25683.18885103357,20068,5615.188851
4749,658,2023,Q4,43745.44745698677,21592,22153.44746
4750,658,2023,Q4,11987.28994593274,,
4751,658,2023,Q4,44568.499882396536,28794,15774.49988
4761,659,2023,Q4,40515.49702235235,28020,12495.49702
4762,659,2023,Q4,17131.60586,,
4763,659,2023,Q4,36565.15698557685,33710,2855.156986
4773,660,2023,Q4,36657.911817250315,32560,4097.911817
4774,660,2023,Q4,22524.985793053904,21643,881.9857931
4775,660,2023,Q4,13644.837595465513,,
4785,661,2023,Q4,36335.89429495356,30092,6243.894295
4786,661,2023,Q4,45416.99906455684,45002,414.9990646
4787,661,2023,Q4,24863.42375771446,21478,3385.423758
4797,662,2023,Q4,43664.50423,28655,15009.50423
4798,662,2023,Q4,39136.085806659015,36518,2618.085807
4799,662,2023,Q4,40285.07344551818,28351,11934.07345
4809,663,2023,Q4,41488.671081337954,25958,15530.67108
4810,663,2023,Q4,19794.757510310876,,
4811,663,2023,Q4,18097.21853681874,,
4821,664,2023,Q4,20231.550834585476,20203,28.55083459
4822,664,2023,Q4,29351.86306827568,26564,2787.863068
4823,664,2023,Q4,30622.271554591505,30405,217.2715546
4833,665,2023,Q4,39316.381538741305,26821,12495.38154
4834,665,2023,Q4,14457.46924963906,,
4835,665,2023,Q4,34855.13148482554,21216,13639.13148
4845,667,2023,Q4,15710.02648,,
4846,667,2023,Q4,32760.739761809262,24797,7963.739762
4847,667,2023,Q4,36101.98343211254,35796,305.9834321
4857,668,2023,Q4,29898.33150478962,28245,1653.331505
4858,668,2023,Q4,29977.90216872445,26161,3816.902169
4859,668,2023,Q4,21633.286099748297,21071,562.2860997
4869,669,2023,Q4,16323.995695473412,,
4870,669,2023,Q4,25417.509270344137,23922,1495.50927
4871,669,2023,Q4,31688.41766793965,27116,4572.417668
4881,670,2023,Q4,24824.67711685329,20201,4623.677117
4882,670,2023,Q4,17537.482106272008,,
4883,670,2023,Q4,28467.76227,25476,2991.76227
4893,671,2023,Q4,19514.414994586732,,
4894,671,2023,Q4,36188.083807424744,20637,15551.08381
4895,671,2023,Q4,18184.918614098635,,
4905,672,2023,Q4,36061.33095,32632,3429.33095
4906,672,2023,Q4,31734.632324745548,26293,5441.632325
4907,672,2023,Q4,39113.71866453995,20688,18425.71866
4917,673,2023,Q4,29113.917386395013,23848,5265.917386
4918,673,2023,Q4,19096.04058035454,,
4919,673,2023,Q4,25230.605330207498,23953,1277.60533
4929,674,2023,Q4,23994.86519,20911,3083.86519
4930,674,2023,Q4,21450.287232629802,20865,585.2872326
4931,674,2023,Q4,42593.604589458526,35266,7327.604589
4941,675,2023,Q4,34992.53827711379,27060,7932.538277
4942,675,2023,Q4,29857.047790202847,29676,181.0477902
4943,675,2023,Q4,46875.89429527727,25875,21000.8943
4953,676,2023,Q4,24833.851548457547,23556,1277.851548
4954,676,2023,Q4,19850.263048044006,,
4955,676,2023,Q4,49013.79784299388,22950,26063.79784
4965,677,2023,Q4,14538.123240497418,,
4966,677,2023,Q4,44474.35248460678,33671,10803.35248
4967,677,2023,Q4,37981.89098008323,24109,13872.89098
4977,678,2023,Q4,35446.40013488874,20199,15247.40013
4978,678,2023,Q4,24806.125319105828,22101,2705.125319
4979,678,2023,Q4,19268.32167,,
4989,679,2023,Q4,25030.918304201186,24457,573.9183042
4990,679,2023,Q4,11779.66483367848,,
4991,679,2023,Q4,47295.963218055906,35511,11784.96322
5001,680,2023,Q4,28668.503266318272,28169,499.5032663
5002,680,2023,Q4,23664.788660124977,22798,866.7886601
5003,680,2023,Q4,37602.647280121935,25724,11878.64728
5013,681,2023,Q4,31341.002626983056,25683,5658.002627
5014,681,2023,Q4,45994.76209726186,45478,516.7620973
5015,681,2023,Q4,31915.097551259394,28141,3774.097551
5025,682,2023,Q4,27249.879216157464,26156,1093.879216
5026,682,2023,Q4,33176.01433906374,27043,6133.014339
5027,682,2023,Q4,27820.310355915844,20950,6870.310356
5037,683,2023,Q4,19345.587964011145,,
5038,683,2023,Q4,15591.096253518786,,
5039,683,2023,Q4,47075.20609667588,20292,26783.2061
5049,684,2023,Q4,22785.13041389861,20601,2184.130414
5050,684,2023,Q4,19974.70694154522,,
5051,684,2023,Q4,36776.06558709254,32862,3914.065587
5061,685,2023,Q4,19921.00547016687,,
5062,685,2023,Q4,33063.58616963752,26833,6230.58617
5063,685,2023,Q4,36942.721960638926,23415,13527.72196
5073,686,2023,Q4,41125.70617668066,35736,5389.706177
5074,686,2023,Q4,32151.333707099933,25523,6628.333707
5075,686,2023,Q4,11944.914357792219,,
5085,687,2023,Q4,22482.011691144115,20437,2045.011691
5086,687,2023,Q4,42790.218603513684,31217,11573.2186
5087,687,2023,Q4,12656.04391,,
5097,688,2023,Q4,25038.17432232033,21094,3944.174322
5098,688,2023,Q4,34319.34835838555,26707,7612.348358
5099,688,2023,Q4,27950.11302052989,20658,7292.113021
5109,689,2023,Q4,34397.00702278285,23106,11291.00702
5110,689,2023,Q4,21113.979610552073,20826,287.9796106
5111,689,2023,Q4,23534.945478699243,23391,143.9454787
5121,690,2023,Q4,39949.24968991813,21374,18575.24969
5122,690,2023,Q4,11645.233466552298,,
5123,690,2023,Q4,23258.32574095203,21611,1647.325741
5133,691,2023,Q4,30287.704128996396,27559,2728.704129
5134,691,2023,Q4,20601.57911008937,20010,591.5791101
5135,691,2023,Q4,43604.35520407287,32564,11040.3552
5145,692,2023,Q4,28213.744466535263,24257,3956.744467
5146,692,2023,Q4,27287.963215639425,22939,4348.963216
5147,692,2023,Q4,22845.46029940369,21628,1217.460299
5157,693,2023,Q4,44962.14390789713,25817,19145.14391
5158,693,2023,Q4,40539.73903,39753,786.73903
5159,693,2023,Q4,26287.310545927037,23632,2655.310546
5169,694,2023,Q4,25782.983687164444,21566,4216.983687
5170,694,2023,Q4,18387.822432355297,,
5171,694,2023,Q4,32473.47019729857,24413,8060.470197
5181,695,2023,Q4,24200.612748851083,20601,3599.612749
5182,695,2023,Q4,15601.160059855658,,
5183,695,2023,Q4,39686.76296060124,31767,7919.762961
5193,696,2023,Q4,13534.082275731413,,
5194,696,2023,Q4,49827.939035900075,27812,22015.93904
5195,696,2023,Q4,42802.70566,22318,20484.70566
5205,697,2023,Q4,10104.612856183088,,
5206,697,2023,Q4,36425.572105112755,28981,7444.572105
5207,697,2023,Q4,26891.43914987627,21259,5632.43915
5217,698,2023,Q4,34278.76125,33238,1040.76125
5218,698,2023,Q4,44343.18985713412,26767,17576.18986
5219,698,2023,Q4,17328.46795240767,,
5229,699,2023,Q4,16400.405767802386,,
5230,699,2023,Q4,40588.79739662532,29281,11307.7974
5231,699,2023,Q4,31794.592089319314,25224,6570.592089
5241,701,2023,Q4,46694.08630003262,35112,11582.0863
5242,701,2023,Q4,41615.17101713522,27442,14173.17102
5243,701,2023,Q4,32569.064710558258,32447,122.0647106
5253,702,2023,Q4,14681.79779204374,,
5254,702,2023,Q4,41571.08585977895,21024,20547.08586
5255,702,2023,Q4,26363.362321730958,20340,6023.362322
5265,703,2023,Q4,14518.317824579757,,
5266,703,2023,Q4,36638.585945071034,27410,9228.585945
5267,703,2023,Q4,40911.187213095436,34977,5934.187213
5277,704,2023,Q4,14223.81919499589,,
5278,704,2023,Q4,36122.64073,27142,8980.64073
5279,704,2023,Q4,47374.73107936962,34522,12852.73108
5289,705,2023,Q4,43588.63127898791,36936,6652.631279
5290,705,2023,Q4,31173.445652612292,22674,8499.445653
5291,705,2023,Q4,38651.57659049495,23514,15137.57659
5301,706,2023,Q4,27647.193306962497,27035,612.193307
5302,706,2023,Q4,44174.40157729881,28426,15748.40158
5303,706,2023,Q4,30721.210074306793,20485,10236.21007
5313,707,2023,Q4,20383.500068466754,20355,28.50006847
5314,707,2023,Q4,48151.663370613336,21757,26394.66337
5315,707,2023,Q4,34703.64607600077,30257,4446.646076
5325,708,2023,Q4,26710.504700945206,22979,3731.504701
5326,708,2023,Q4,47347.49420688696,31808,15539.49421
5327,708,2023,Q4,35904.45086,26355,9549.45086
5337,710,2023,Q4,20917.827071344364,20852,65.82707134
5338,710,2023,Q4,24354.076355862522,22364,1990.076356
5339,710,2023,Q4,18084.273215066834,,
5349,711,2023,Q4,43431.99996644598,22106,21325.99997
5350,711,2023,Q4,45550.55478845721,40260,5290.554788
5351,711,2023,Q4,14761.038361072526,,
5361,712,2023,Q4,26665.388907233355,23372,3293.388907
5362,712,2023,Q4,23205.60948671688,21530,1675.609487
5363,712,2023,Q4,29475.49929141724,26590,2885.499291
5373,713,2023,Q4,13887.281938922564,,
5374,713,2023,Q4,48142.974995185636,21711,26431.975
5375,713,2023,Q4,36749.565620987196,29762,6987.565621
5385,714,2023,Q4,23438.568104773236,20609,2829.568105
5386,714,2023,Q4,37467.40121139379,20737,16730.40121
5387,714,2023,Q4,20816.406276736947,20423,393.4062767
5397,715,2023,Q4,28736.401475531813,21126,7610.401476
5398,715,2023,Q4,47498.72800518055,31571,15927.72801
5399,715,2023,Q4,41468.36834403724,24915,16553.36834
5409,716,2023,Q4,25317.003734607526,20848,4469.003735
5410,716,2023,Q4,47337.69449321232,40527,6810.694493
5411,716,2023,Q4,27468.074651034174,23226,4242.074651
5421,718,2023,Q4,38804.88360617208,28223,10581.88361
5422,718,2023,Q4,20781.44665437569,20107,674.4466544
5423,718,2023,Q4,32543.529579056783,26664,5879.529579
5433,719,2023,Q4,43139.22704413375,27296,15843.22704
5434,719,2023,Q4,13213.483381283288,,
5435,719,2023,Q4,21002.41095127974,20159,843.4109513
5445,720,2023,Q4,46865.97663481691,38258,8607.976635
5446,720,2023,Q4,38256.51251,21156,17100.51251
5447,720,2023,Q4,47115.26517227321,39830,7285.265172
5457,721,2023,Q4,25665.18975839148,21682,3983.189758
5458,721,2023,Q4,29096.297605398508,28602,494.2976054
5459,721,2023,Q4,34051.42622999738,29464,4587.42623
5469,722,2023,Q4,35027.22108577941,31112,3915.221086
5470,722,2023,Q4,42275.81774432925,27293,14982.81774
5471,722,2023,Q4,11675.063557537447,,
5481,723,2023,Q4,46443.71115656571,30210,16233.71116
5482,723,2023,Q4,47459.23945074081,38642,8817.239451
5483,723,2023,Q4,13784.361213318629,,
5493,724,2023,Q4,26738.29871078697,24155,2583.298711
5494,724,2023,Q4,12468.137205357536,,
5495,724,2023,Q4,38696.82050644461,33431,5265.820506
5505,725,2023,Q4,10384.645400064532,,
5506,725,2023,Q4,27252.55259382503,24877,2375.552594
5507,725,2023,Q4,40215.517690232795,29422,10793.51769
5517,726,2023,Q4,16861.03482867409,,
5518,726,2023,Q4,24936.100682756034,23963,973.1006828
5519,726,2023,Q4,10877.845283989238,,
5529,727,2023,Q4,16776.96541757026,,
5530,727,2023,Q4,48359.88711,32125,16234.88711
5531,727,2023,Q4,23318.355238420445,20360,2958.355238
5541,728,2023,Q4,33759.02677485328,30642,3117.026775
5542,728,2023,Q4,28214.656808491593,21414,6800.656808
5543,728,2023,Q4,33313.09516,22435,10878.09516
5553,729,2023,Q4,39598.622385764524,31186,8412.622386
5554,729,2023,Q4,21790.703504946316,20763,1027.703505
5555,729,2023,Q4,35071.96058436265,25777,9294.960584
5565,730,2023,Q4,20210.445810306614,20176,34.44581031
5566,730,2023,Q4,12104.195884529876,,
5567,730,2023,Q4,31322.71039090076,24226,7096.710391
5577,731,2023,Q4,36162.68351189137,30259,5903.683512
5578,731,2023,Q4,20309.085733875916,20110,199.0857339
5579,731,2023,Q4,10378.049423887816,,
5589,732,2023,Q4,45945.49273194891,29746,16199.49273
5590,732,2023,Q4,22108.36572733537,21617,491.3657273
5591,732,2023,Q4,24629.332261785177,20009,4620.332262
5601,733,2023,Q4,13448.033601489828,,
5602,733,2023,Q4,30073.811417836016,20925,9148.811418
5603,733,2023,Q4,38696.12495179512,21393,17303.12495
5613,734,2023,Q4,25250.755162942853,20781,4469.755163
5614,734,2023,Q4,23523.204018070945,23314,209.2040181
5615,734,2023,Q4,34923.17984550951,20661,14262.17985
5625,735,2023,Q4,22567.34889,20493,2074.34889
5626,735,2023,Q4,24757.818229807213,21107,3650.81823
5627,735,2023,Q4,49683.36181593418,30452,19231.36182
5637,736,2023,Q4,29925.153803733763,23461,6464.153804
5638,736,2023,Q4,34769.28232891821,25594,9175.282329
5639,736,2023,Q4,20279.23905586342,20074,205.2390559
5649,737,2023,Q4,31136.80973716968,25979,5157.809737
5650,737,2023,Q4,16258.284197399542,,
5651,737,2023,Q4,12163.943179987098,,
5661,738,2023,Q4,48426.98294659889,44602,3824.982947
5662,738,2023,Q4,27169.504857926036,25954,1215.504858
5663,738,2023,Q4,11284.67179946309,,
5673,739,2023,Q4,48881.57307009606,29799,19082.57307
5674,739,2023,Q4,12049.059669698527,,
5675,739,2023,Q4,33809.38469308546,24540,9269.384693
5685,740,2023,Q4,16615.332739472648,,
5686,740,2023,Q4,42833.496814402686,22495,20338.49681
5687,740,2023,Q4,19355.406550765438,,
5697,741,2023,Q4,36020.87072,20092,15928.87072
5698,741,2023,Q4,15548.870818732219,,
5699,741,2023,Q4,39348.20033493194,38687,661.2003349
5709,742,2023,Q4,36518.98565625395,32327,4191.985656
5710,742,2023,Q4,16830.56186347424,,
5711,742,2023,Q4,40488.311535693334,33180,7308.311536
5721,743,2023,Q4,49755.16541,40790,8965.16541
5722,743,2023,Q4,32805.48374737037,27711,5094.483747
5723,743,2023,Q4,33487.79542604987,33060,427.795426
5733,744,2023,Q4,31856.768661823426,25622,6234.768662
5734,744,2023,Q4,17004.854208857163,,
5735,744,2023,Q4,46219.03625360156,24768,21451.03625
5745,745,2023,Q4,19002.813245532063,,
5746,745,2023,Q4,36372.15751308882,22160,14212.15751
5747,745,2023,Q4,25227.94501,24331,896.94501
5757,746,2023,Q4,41870.07360719477,32020,9850.073607
5758,746,2023,Q4,25642.010097189777,23591,2051.010097
5759,746,2023,Q4,35800.579507807466,25112,10688.57951
5769,747,2023,Q4,23901.72970244001,23650,251.7297024
5770,747,2023,Q4,10487.109459635512,,
5771,747,2023,Q4,23159.501168483745,21262,1897.501168
5781,749,2023,Q4,41714.80862779716,26578,15136.80863
5782,749,2023,Q4,33499.26308,30777,2722.26308
5783,749,2023,Q4,29663.684141309757,25568,4095.684141
5793,750,2023,Q4,32151.653824950852,23041,9110.653825
5794,750,2023,Q4,41572.77160003132,21363,20209.7716
5795,750,2023,Q4,30905.91366759558,27671,3234.913668
5805,751,2023,Q4,26024.368355692633,24945,1079.368356
5806,751,2023,Q4,45892.29752072401,36711,9181.297521
5807,751,2023,Q4,18149.539015474453,,
5817,752,2023,Q4,41407.62043,25846,15561.62043
5818,752,2023,Q4,33777.10567172947,27418,6359.105672
5819,752,2023,Q4,19091.367874879616,,
5829,753,2023,Q4,19001.853892151732,,
5830,753,2023,Q4,20716.22724082116,20338,378.2272408
5831,753,2023,Q4,41027.94574985563,31633,9394.94575
5841,754,2023,Q4,31141.750238863176,27356,3785.750239
5842,754,2023,Q4,20782.72038,20702,80.72038
5843,754,2023,Q4,23146.52361354726,20035,3111.523614
5853,755,2023,Q4,12821.105948970391,,
5854,755,2023,Q4,35614.70680700306,23169,12445.70681
5855,755,2023,Q4,23974.762151728548,21504,2470.762152
5865,756,2023,Q4,28706.424105057165,26585,2121.424105
5866,756,2023,Q4,41928.99121278602,29216,12712.99121
5867,756,2023,Q4,48402.89703230788,29327,19075.89703
5877,760,2023,Q4,25502.652404010907,22402,3100.652404
5878,760,2023,Q4,33469.38703972142,32887,582.3870397
5879,760,2023,Q4,21809.879053408622,20540,1269.879053
5889,761,2023,Q4,40575.47127,21606,18969.47127
5890,761,2023,Q4,44311.712338235346,20328,23983.71234
5891,761,2023,Q4,46952.11835320813,32670,14282.11835
5901,762,2023,Q4,35877.38795105739,29850,6027.387951
5902,762,2023,Q4,31475.62353189826,21688,9787.623532
5903,762,2023,Q4,46397.87586764954,26660,19737.87587
5913,763,2023,Q4,46154.342076313296,43378,2776.342076
5914,763,2023,Q4,11863.923738580095,,
5915,763,2023,Q4,47608.71677253256,34870,12738.71677
5925,764,2023,Q4,24492.064366324055,23267,1225.064366
5926,764,2023,Q4,19036.45982214759,,
5927,764,2023,Q4,33893.85317126049,23577,10316.85317
5937,765,2023,Q4,44418.02381942937,36792,7626.023819
5938,765,2023,Q4,34816.16757189132,33826,990.1675719
5939,765,2023,Q4,49171.353535224174,45850,3321.353535
5949,766,2023,Q4,17023.707696150406,,
5950,766,2023,Q4,28979.768910483082,20370,8609.76891
5951,766,2023,Q4,32827.11394918236,28552,4275.113949
5961,767,2023,Q4,14862.775426666803,,
5962,767,2023,Q4,36902.48074966704,22187,14715.48075
5963,767,2023,Q4,19974.512111532655,,
5973,768,2023,Q4,30940.52435722101,24028,6912.524357
5974,768,2023,Q4,12616.37778484523,,
5975,768,2023,Q4,29706.28059956807,26835,2871.2806
5985,769,2023,Q4,12808.29163533682,,
5986,769,2023,Q4,16636.03945,,
5987,769,2023,Q4,14587.776910922115,,
5997,770,2023,Q4,15455.994643923998,,
5998,770,2023,Q4,30724.027140998085,23142,7582.027141
5999,770,2023,Q4,49794.37030778789,35002,14792.37031
6009,771,2023,Q4,49460.61841578147,43249,6211.618416
6010,771,2023,Q4,27936.40814236984,27107,829.4081424
6011,771,2023,Q4,26077.302809041525,24054,2023.302809
6021,772,2023,Q4,20389.71253858333,20296,93.71253858
6022,772,2023,Q4,27224.415339346266,24338,2886.415339
6023,772,2023,Q4,27566.435192568897,27472,94.43519257
6033,773,2023,Q4,16043.77501014687,,
6034,773,2023,Q4,36047.19247592859,24010,12037.19248
6035,773,2023,Q4,42943.83427776656,36164,6779.834278
6045,774,2023,Q4,14614.163257916494,,
6046,774,2023,Q4,12326.424790712283,,
6047,774,2023,Q4,22796.50766924407,22257,539.5076692
6057,775,2023,Q4,49924.56162534207,49300,624.5616253
6058,775,2023,Q4,30115.286680019326,26186,3929.28668
6059,775,2023,Q4,44416.42891693748,21449,22967.42892
6069,776,2023,Q4,36053.629354365876,26031,10022.62935
6070,776,2023,Q4,21252.56900898675,21090,162.569009
6071,776,2023,Q4,31255.161943336614,20270,10985.16194
6081,778,2023,Q4,42346.61105793259,29184,13162.61106
6081,778,2023,Q4,42346.61105793259,22091,20255.61106
6082,778,2023,Q4,39646.93762072088,23880,15766.93762
6082,778,2023,Q4,39646.93762072088,28871,10775.93762
6083,778,2023,Q4,13735.70579508133,,
6083,778,2023,Q4,13735.70579508133,,
6093,779,2023,Q4,38154.01218428016,27063,11091.01218
6094,779,2023,Q4,10106.152481072135,,
6095,779,2023,Q4,15547.423215073955,,
